Workbook

Sheet MLB Pitchers 2018-2023 TJ
A1: Player | B1: Age | C1: Team | D1: Position | E1: Throwing Hand | F1: Country | G1: Surgery Year | H1: Surgery Date | I1: Return Date | J1: Games - Before | K1: Games - After | L1: Games Started - Before | M1: Games Started - After | N1: Innings Pitched - Before | O1: Innings Pitched - After | P1: K-BB% - Before | Q1: K-BB% - After | R1: ERA - Before | S1: ERA - After | T1: FIP - Before | U1: FIP - After | V1: FgID | W1: Diff in ERA(- improvement) | X1: Diff in FIP(- improvement) | Y1: Diff in K-BB%(+ improvement) | Z1: Paired IP Weight | AA1: Weighted ERA Contribution | AB1: Weighted FIP Contribution | AC1: Weighted K-BB% Contribution
A2: Johan Oviedo | B2: 25 | C2: PIT | D2: P | E2: R | F2: Cuba | G2: 2023 | H2: 45261 | I2: 45873 | J2: 40 | K2: 10 | L2: 26 | M2: 9 | N2: 143 | O2: 44 | P2: 0.0794 | Q2: 0.1117 | R2: 4.3427 | S2: 4.0909 | T2: 4.676 | U2: 5.3592 | V2: 22487 | W2: =IF(AND(ISNUMBER(N2),ISNUMBER(O2),ISNUMBER(P2),ISNUMBER(Q2),ISNUMBER(R2),ISNUMBER(S2),ISNUMBER(T2),ISNUMBER(U2),N2>0,O2>0),S2-R2,"") -> -0.2518 | X2: =IF(AND(ISNUMBER(N2),ISNUMBER(O2),ISNUMBER(P2),ISNUMBER(Q2),ISNUMBER(R2),ISNUMBER(S2),ISNUMBER(T2),ISNUMBER(U2),N2>0,O2>0),U2-T2,"") -> 0.6832 | Y2: =IF(AND(ISNUMBER(N2),ISNUMBER(O2),ISNUMBER(P2),ISNUMBER(Q2),ISNUMBER(R2),ISNUMBER(S2),ISNUMBER(T2),ISNUMBER(U2),N2>0,O2>0),Q2-P2,"") -> 0.0323 | Z2: =IF(AND(ISNUMBER(N2),ISNUMBER(O2),ISNUMBER(P2),ISNUMBER(Q2),ISNUMBER(R2),ISNUMBER(S2),ISNUMBER(T2),ISNUMBER(U2),N2>0,O2>0),MIN((INT(N2)*3+ROUND(MOD(N2,1)*10,0))/3,(INT(O2)*3+ROUND(MOD(O2,1)*10,0))/3),"") -> 44 | AA2: =IF(ISNUMBER(Z2),W2*Z2,"") -> -11.0792 | AB2: =IF(ISNUMBER(Z2),X2*Z2,"") -> 30.0608 | AC2: =IF(ISNUMBER(Z2),Y2*Z2,"") -> 1.4212
A3: Felix Bautista | B3: 28 | C3: BAL | D3: P | E3: R | F3: Dominican | G3: 2023 | H3: 45208 | I3: 45745 | J3: 65 | K3: 37 | L3: 0 | M3: 0 | N3: 65.2 | O3: 36.1 | P3: 0.2569 | Q3: 0.1908 | R3: 2.1929 | S3: 3.2202 | T3: 2.91 | U3: 3.6328 | V3: 20666 | W3: =IF(AND(ISNUMBER(N3),ISNUMBER(O3),ISNUMBER(P3),ISNUMBER(Q3),ISNUMBER(R3),ISNUMBER(S3),ISNUMBER(T3),ISNUMBER(U3),N3>0,O3>0),S3-R3,"") -> 1.0273 | X3: =IF(AND(ISNUMBER(N3),ISNUMBER(O3),ISNUMBER(P3),ISNUMBER(Q3),ISNUMBER(R3),ISNUMBER(S3),ISNUMBER(T3),ISNUMBER(U3),N3>0,O3>0),U3-T3,"") -> 0.7228 | Y3: =IF(AND(ISNUMBER(N3),ISNUMBER(O3),ISNUMBER(P3),ISNUMBER(Q3),ISNUMBER(R3),ISNUMBER(S3),ISNUMBER(T3),ISNUMBER(U3),N3>0,O3>0),Q3-P3,"") -> -0.0661 | Z3: =IF(AND(ISNUMBER(N3),ISNUMBER(O3),ISNUMBER(P3),ISNUMBER(Q3),ISNUMBER(R3),ISNUMBER(S3),ISNUMBER(T3),ISNUMBER(U3),N3>0,O3>0),MIN((INT(N3)*3+ROUND(MOD(N3,1)*10,0))/3,(INT(O3)*3+ROUND(MOD(O3,1)*10,0))/3),"") -> 36.333333 | AA3: =IF(ISNUMBER(Z3),W3*Z3,"") -> 37.325233 | AB3: =IF(ISNUMBER(Z3),X3*Z3,"") -> 26.261733 | AC3: =IF(ISNUMBER(Z3),Y3*Z3,"") -> -2.4016333
A4: Sandy Alcantara | B4: 27 | C4: MIA | D4: P | E4: R | F4: Dominican | G4: 2023 | H4: 45205 | I4: 45743 | J4: 72 | K4: 67 | L4: 72 | M4: 64 | N4: 476.1 | O4: 388.2 | P4: 0.1752 | Q4: 0.1092 | R4: 2.7397 | S4: 4.5386 | T4: 3.2391 | U4: 4.1699 | V4: 18684 | W4: =IF(AND(ISNUMBER(N4),ISNUMBER(O4),ISNUMBER(P4),ISNUMBER(Q4),ISNUMBER(R4),ISNUMBER(S4),ISNUMBER(T4),ISNUMBER(U4),N4>0,O4>0),S4-R4,"") -> 1.7989 | X4: =IF(AND(ISNUMBER(N4),ISNUMBER(O4),ISNUMBER(P4),ISNUMBER(Q4),ISNUMBER(R4),ISNUMBER(S4),ISNUMBER(T4),ISNUMBER(U4),N4>0,O4>0),U4-T4,"") -> 0.9308 | Y4: =IF(AND(ISNUMBER(N4),ISNUMBER(O4),ISNUMBER(P4),ISNUMBER(Q4),ISNUMBER(R4),ISNUMBER(S4),ISNUMBER(T4),ISNUMBER(U4),N4>0,O4>0),Q4-P4,"") -> -0.066 | Z4: =IF(AND(ISNUMBER(N4),ISNUMBER(O4),ISNUMBER(P4),ISNUMBER(Q4),ISNUMBER(R4),ISNUMBER(S4),ISNUMBER(T4),ISNUMBER(U4),N4>0,O4>0),MIN((INT(N4)*3+ROUND(MOD(N4,1)*10,0))/3,(INT(O4)*3+ROUND(MOD(O4,1)*10,0))/3),"") -> 388.66667 | AA4: =IF(ISNUMBER(Z4),W4*Z4,"") -> 699.17247 | AB4: =IF(ISNUMBER(Z4),X4*Z4,"") -> 361.77093 | AC4: =IF(ISNUMBER(Z4),Y4*Z4,"") -> -25.652
A5: Angel Perdomo | B5: 29 | C5: PIT | D5: P | E5: L | F5: Dominican | G5: 2023 | H5: 45205 | I5: 45749 | J5: 22 | K5: 4 | L5: 0 | M5: 0 | N5: 19.2 | O5: 3.1 | P5: 0.102 | Q5: -0.0625 | R5: 8.2373 | S5: 5.4 | T5: 6.4259 | U5: 5.54 | V5: 17759 | W5: =IF(AND(ISNUMBER(N5),ISNUMBER(O5),ISNUMBER(P5),ISNUMBER(Q5),ISNUMBER(R5),ISNUMBER(S5),ISNUMBER(T5),ISNUMBER(U5),N5>0,O5>0),S5-R5,"") -> -2.8373 | X5: =IF(AND(ISNUMBER(N5),ISNUMBER(O5),ISNUMBER(P5),ISNUMBER(Q5),ISNUMBER(R5),ISNUMBER(S5),ISNUMBER(T5),ISNUMBER(U5),N5>0,O5>0),U5-T5,"") -> -0.8859 | Y5: =IF(AND(ISNUMBER(N5),ISNUMBER(O5),ISNUMBER(P5),ISNUMBER(Q5),ISNUMBER(R5),ISNUMBER(S5),ISNUMBER(T5),ISNUMBER(U5),N5>0,O5>0),Q5-P5,"") -> -0.1645 | Z5: =IF(AND(ISNUMBER(N5),ISNUMBER(O5),ISNUMBER(P5),ISNUMBER(Q5),ISNUMBER(R5),ISNUMBER(S5),ISNUMBER(T5),ISNUMBER(U5),N5>0,O5>0),MIN((INT(N5)*3+ROUND(MOD(N5,1)*10,0))/3,(INT(O5)*3+ROUND(MOD(O5,1)*10,0))/3),"") -> 3.3333333 | AA5: =IF(ISNUMBER(Z5),W5*Z5,"") -> -9.4576667 | AB5: =IF(ISNUMBER(Z5),X5*Z5,"") -> -2.953 | AC5: =IF(ISNUMBER(Z5),Y5*Z5,"") -> -0.54833333
A6: Shohei Ohtani | B6: 28 | C6: LAA | D6: P | E6: R | F6: Japan | G6: 2023 | H6: 45188 | I6: 45371 | J6: 53 | K6: 28 | L6: 53 | M6: 28 | N6: 298 | O6: 132.2 | P6: 0.2333 | Q6: 0.2311 | R6: 2.8993 | S6: 2.1709 | T6: 2.9547 | U6: 2.3585 | V6: 19755 | W6: =IF(AND(ISNUMBER(N6),ISNUMBER(O6),ISNUMBER(P6),ISNUMBER(Q6),ISNUMBER(R6),ISNUMBER(S6),ISNUMBER(T6),ISNUMBER(U6),N6>0,O6>0),S6-R6,"") -> -0.7284 | X6: =IF(AND(ISNUMBER(N6),ISNUMBER(O6),ISNUMBER(P6),ISNUMBER(Q6),ISNUMBER(R6),ISNUMBER(S6),ISNUMBER(T6),ISNUMBER(U6),N6>0,O6>0),U6-T6,"") -> -0.5962 | Y6: =IF(AND(ISNUMBER(N6),ISNUMBER(O6),ISNUMBER(P6),ISNUMBER(Q6),ISNUMBER(R6),ISNUMBER(S6),ISNUMBER(T6),ISNUMBER(U6),N6>0,O6>0),Q6-P6,"") -> -0.0022 | Z6: =IF(AND(ISNUMBER(N6),ISNUMBER(O6),ISNUMBER(P6),ISNUMBER(Q6),ISNUMBER(R6),ISNUMBER(S6),ISNUMBER(T6),ISNUMBER(U6),N6>0,O6>0),MIN((INT(N6)*3+ROUND(MOD(N6,1)*10,0))/3,(INT(O6)*3+ROUND(MOD(O6,1)*10,0))/3),"") -> 132.66667 | AA6: =IF(ISNUMBER(Z6),W6*Z6,"") -> -96.6344 | AB6: =IF(ISNUMBER(Z6),X6*Z6,"") -> -79.095867 | AC6: =IF(ISNUMBER(Z6),Y6*Z6,"") -> -0.29186667
A7: Drey Jameson | B7: 25 | C7: ARI | D7: P | E7: R | F7: United States | G7: 2023 | H7: 45170 | I7: 45767 | J7: 4 | K7: 15 | L7: 4 | M7: 0 | N7: 24.1 | O7: 22.1 | P7: 0.1735 | Q7: 0 | R7: 1.4795 | S7: 4.8358 | T7: 3.19 | U7: 4.4087 | V7: 26260 | W7: =IF(AND(ISNUMBER(N7),ISNUMBER(O7),ISNUMBER(P7),ISNUMBER(Q7),ISNUMBER(R7),ISNUMBER(S7),ISNUMBER(T7),ISNUMBER(U7),N7>0,O7>0),S7-R7,"") -> 3.3563 | X7: =IF(AND(ISNUMBER(N7),ISNUMBER(O7),ISNUMBER(P7),ISNUMBER(Q7),ISNUMBER(R7),ISNUMBER(S7),ISNUMBER(T7),ISNUMBER(U7),N7>0,O7>0),U7-T7,"") -> 1.2187 | Y7: =IF(AND(ISNUMBER(N7),ISNUMBER(O7),ISNUMBER(P7),ISNUMBER(Q7),ISNUMBER(R7),ISNUMBER(S7),ISNUMBER(T7),ISNUMBER(U7),N7>0,O7>0),Q7-P7,"") -> -0.1735 | Z7: =IF(AND(ISNUMBER(N7),ISNUMBER(O7),ISNUMBER(P7),ISNUMBER(Q7),ISNUMBER(R7),ISNUMBER(S7),ISNUMBER(T7),ISNUMBER(U7),N7>0,O7>0),MIN((INT(N7)*3+ROUND(MOD(N7,1)*10,0))/3,(INT(O7)*3+ROUND(MOD(O7,1)*10,0))/3),"") -> 22.333333 | AA7: =IF(ISNUMBER(Z7),W7*Z7,"") -> 74.957367 | AB7: =IF(ISNUMBER(Z7),X7*Z7,"") -> 27.217633 | AC7: =IF(ISNUMBER(Z7),Y7*Z7,"") -> -3.8748333
A8: Tony Gonsolin | B8: 29 | C8: LAD | D8: P | E8: R | F8: United States | G8: 2023 | H8: 45170 | I8: 45777 | J8: 48 | K8: 8 | L8: 45 | M8: 7 | N8: 232.2 | O8: 38.2 | P8: 0.1687 | Q8: 0.1279 | R8: 2.437 | S8: 5.819 | T8: 3.3829 | U8: 6.129 | V8: 19388 | W8: =IF(AND(ISNUMBER(N8),ISNUMBER(O8),ISNUMBER(P8),ISNUMBER(Q8),ISNUMBER(R8),ISNUMBER(S8),ISNUMBER(T8),ISNUMBER(U8),N8>0,O8>0),S8-R8,"") -> 3.382 | X8: =IF(AND(ISNUMBER(N8),ISNUMBER(O8),ISNUMBER(P8),ISNUMBER(Q8),ISNUMBER(R8),ISNUMBER(S8),ISNUMBER(T8),ISNUMBER(U8),N8>0,O8>0),U8-T8,"") -> 2.7461 | Y8: =IF(AND(ISNUMBER(N8),ISNUMBER(O8),ISNUMBER(P8),ISNUMBER(Q8),ISNUMBER(R8),ISNUMBER(S8),ISNUMBER(T8),ISNUMBER(U8),N8>0,O8>0),Q8-P8,"") -> -0.0408 | Z8: =IF(AND(ISNUMBER(N8),ISNUMBER(O8),ISNUMBER(P8),ISNUMBER(Q8),ISNUMBER(R8),ISNUMBER(S8),ISNUMBER(T8),ISNUMBER(U8),N8>0,O8>0),MIN((INT(N8)*3+ROUND(MOD(N8,1)*10,0))/3,(INT(O8)*3+ROUND(MOD(O8,1)*10,0))/3),"") -> 38.666667 | AA8: =IF(ISNUMBER(Z8),W8*Z8,"") -> 130.77067 | AB8: =IF(ISNUMBER(Z8),X8*Z8,"") -> 106.18253 | AC8: =IF(ISNUMBER(Z8),Y8*Z8,"") -> -1.5776
A9: Shane McClanahan | B9: 26 | C9: TB | D9: P | E9: L | F9: United States | G9: 2023 | H9: 45159 | I9: 46112 | J9: 53 | K9: 24 | L9: 53 | M9: 24 | N9: 289.2 | O9: 118 | P9: 0.2245 | Q9: 0.1376 | R9: 2.9206 | S9: 3.3559 | T9: 3.132 | U9: 3.5 | V9: 21483 | W9: =IF(AND(ISNUMBER(N9),ISNUMBER(O9),ISNUMBER(P9),ISNUMBER(Q9),ISNUMBER(R9),ISNUMBER(S9),ISNUMBER(T9),ISNUMBER(U9),N9>0,O9>0),S9-R9,"") -> 0.4353 | X9: =IF(AND(ISNUMBER(N9),ISNUMBER(O9),ISNUMBER(P9),ISNUMBER(Q9),ISNUMBER(R9),ISNUMBER(S9),ISNUMBER(T9),ISNUMBER(U9),N9>0,O9>0),U9-T9,"") -> 0.368 | Y9: =IF(AND(ISNUMBER(N9),ISNUMBER(O9),ISNUMBER(P9),ISNUMBER(Q9),ISNUMBER(R9),ISNUMBER(S9),ISNUMBER(T9),ISNUMBER(U9),N9>0,O9>0),Q9-P9,"") -> -0.0869 | Z9: =IF(AND(ISNUMBER(N9),ISNUMBER(O9),ISNUMBER(P9),ISNUMBER(Q9),ISNUMBER(R9),ISNUMBER(S9),ISNUMBER(T9),ISNUMBER(U9),N9>0,O9>0),MIN((INT(N9)*3+ROUND(MOD(N9,1)*10,0))/3,(INT(O9)*3+ROUND(MOD(O9,1)*10,0))/3),"") -> 118 | AA9: =IF(ISNUMBER(Z9),W9*Z9,"") -> 51.3654 | AB9: =IF(ISNUMBER(Z9),X9*Z9,"") -> 43.424 | AC9: =IF(ISNUMBER(Z9),Y9*Z9,"") -> -10.2542
A10: Liam Hendriks | B10: 34 | C10: CHW | D10: P | E10: R | F10: Australia | G10: 2023 | H10: 45140 | I10: 45767 | J10: 151 | K10: 14 | L10: 0 | M10: 0 | N10: 154 | O10: 13.2 | P10: 0.3519 | Q10: 0.0847 | R10: 2.513 | S10: 6.5854 | T10: 2.2699 | U10: 5.04 | V10: 3548 | W10: =IF(AND(ISNUMBER(N10),ISNUMBER(O10),ISNUMBER(P10),ISNUMBER(Q10),ISNUMBER(R10),ISNUMBER(S10),ISNUMBER(T10),ISNUMBER(U10),N10>0,O10>0),S10-R10,"") -> 4.0724 | X10: =IF(AND(ISNUMBER(N10),ISNUMBER(O10),ISNUMBER(P10),ISNUMBER(Q10),ISNUMBER(R10),ISNUMBER(S10),ISNUMBER(T10),ISNUMBER(U10),N10>0,O10>0),U10-T10,"") -> 2.7701 | Y10: =IF(AND(ISNUMBER(N10),ISNUMBER(O10),ISNUMBER(P10),ISNUMBER(Q10),ISNUMBER(R10),ISNUMBER(S10),ISNUMBER(T10),ISNUMBER(U10),N10>0,O10>0),Q10-P10,"") -> -0.2672 | Z10: =IF(AND(ISNUMBER(N10),ISNUMBER(O10),ISNUMBER(P10),ISNUMBER(Q10),ISNUMBER(R10),ISNUMBER(S10),ISNUMBER(T10),ISNUMBER(U10),N10>0,O10>0),MIN((INT(N10)*3+ROUND(MOD(N10,1)*10,0))/3,(INT(O10)*3+ROUND(MOD(O10,1)*10,0))/3),"") -> 13.666667 | AA10: =IF(ISNUMBER(Z10),W10*Z10,"") -> 55.656133 | AB10: =IF(ISNUMBER(Z10),X10*Z10,"") -> 37.858033 | AC10: =IF(ISNUMBER(Z10),Y10*Z10,"") -> -3.6517333
A11: Reiss Knehr | B11: 26 | C11: SD | D11: P | E11: R | F11: United States | G11: 2023 | H11: 45139 | J11: 17 | K11: NULL | L11: 6 | M11: NULL | N11: 42.2 | O11: NULL | P11: 0.0319 | Q11: NULL | R11: 4.6406 | S11: NULL | T11: 4.7678 | U11: NULL | V11: 21541 | W11: =IF(AND(ISNUMBER(N11),ISNUMBER(O11),ISNUMBER(P11),ISNUMBER(Q11),ISNUMBER(R11),ISNUMBER(S11),ISNUMBER(T11),ISNUMBER(U11),N11>0,O11>0),S11-R11,"") | X11: =IF(AND(ISNUMBER(N11),ISNUMBER(O11),ISNUMBER(P11),ISNUMBER(Q11),ISNUMBER(R11),ISNUMBER(S11),ISNUMBER(T11),ISNUMBER(U11),N11>0,O11>0),U11-T11,"") | Y11: =IF(AND(ISNUMBER(N11),ISNUMBER(O11),ISNUMBER(P11),ISNUMBER(Q11),ISNUMBER(R11),ISNUMBER(S11),ISNUMBER(T11),ISNUMBER(U11),N11>0,O11>0),Q11-P11,"") | Z11: =IF(AND(ISNUMBER(N11),ISNUMBER(O11),ISNUMBER(P11),ISNUMBER(Q11),ISNUMBER(R11),ISNUMBER(S11),ISNUMBER(T11),ISNUMBER(U11),N11>0,O11>0),MIN((INT(N11)*3+ROUND(MOD(N11,1)*10,0))/3,(INT(O11)*3+ROUND(MOD(O11,1)*10,0))/3),"") | AA11: =IF(ISNUMBER(Z11),W11*Z11,"") | AB11: =IF(ISNUMBER(Z11),X11*Z11,"") | AC11: =IF(ISNUMBER(Z11),Y11*Z11,"")
A12: Antonio Senzatela | B12: 28 | C12: COL | D12: P | E12: R | F12: Venezuela | G12: 2023 | H12: 45133 | I12: 45551 | J12: 59 | K12: 90 | L12: 59 | M12: 26 | N12: 322.1 | O12: 215.2 | P12: 0.0916 | Q12: 0.06 | R12: 4.3837 | S12: 5.7589 | T12: 3.9544 | U12: 4.9595 | V12: 15488 | W12: =IF(AND(ISNUMBER(N12),ISNUMBER(O12),ISNUMBER(P12),ISNUMBER(Q12),ISNUMBER(R12),ISNUMBER(S12),ISNUMBER(T12),ISNUMBER(U12),N12>0,O12>0),S12-R12,"") -> 1.3752 | X12: =IF(AND(ISNUMBER(N12),ISNUMBER(O12),ISNUMBER(P12),ISNUMBER(Q12),ISNUMBER(R12),ISNUMBER(S12),ISNUMBER(T12),ISNUMBER(U12),N12>0,O12>0),U12-T12,"") -> 1.0051 | Y12: =IF(AND(ISNUMBER(N12),ISNUMBER(O12),ISNUMBER(P12),ISNUMBER(Q12),ISNUMBER(R12),ISNUMBER(S12),ISNUMBER(T12),ISNUMBER(U12),N12>0,O12>0),Q12-P12,"") -> -0.0316 | Z12: =IF(AND(ISNUMBER(N12),ISNUMBER(O12),ISNUMBER(P12),ISNUMBER(Q12),ISNUMBER(R12),ISNUMBER(S12),ISNUMBER(T12),ISNUMBER(U12),N12>0,O12>0),MIN((INT(N12)*3+ROUND(MOD(N12,1)*10,0))/3,(INT(O12)*3+ROUND(MOD(O12,1)*10,0))/3),"") -> 215.66667 | AA12: =IF(ISNUMBER(Z12),W12*Z12,"") -> 296.5848 | AB12: =IF(ISNUMBER(Z12),X12*Z12,"") -> 216.76657 | AC12: =IF(ISNUMBER(Z12),Y12*Z12,"") -> -6.8150667
A13: Jose De Leon | B13: 30 | C13: MIN | D13: P | E13: R | F13: Puerto Rico | G13: 2023 | H13: 45126 | I13: 45928 | J13: 14 | K13: 1 | L13: 2 | M13: 1 | N13: 24.1 | O13: 6.2 | P13: 0.1667 | Q13: 0.1786 | R13: 10.726 | S13: 4.05 | T13: 5.2673 | U13: 4.04 | V13: 15463 | W13: =IF(AND(ISNUMBER(N13),ISNUMBER(O13),ISNUMBER(P13),ISNUMBER(Q13),ISNUMBER(R13),ISNUMBER(S13),ISNUMBER(T13),ISNUMBER(U13),N13>0,O13>0),S13-R13,"") -> -6.676 | X13: =IF(AND(ISNUMBER(N13),ISNUMBER(O13),ISNUMBER(P13),ISNUMBER(Q13),ISNUMBER(R13),ISNUMBER(S13),ISNUMBER(T13),ISNUMBER(U13),N13>0,O13>0),U13-T13,"") -> -1.2273 | Y13: =IF(AND(ISNUMBER(N13),ISNUMBER(O13),ISNUMBER(P13),ISNUMBER(Q13),ISNUMBER(R13),ISNUMBER(S13),ISNUMBER(T13),ISNUMBER(U13),N13>0,O13>0),Q13-P13,"") -> 0.0119 | Z13: =IF(AND(ISNUMBER(N13),ISNUMBER(O13),ISNUMBER(P13),ISNUMBER(Q13),ISNUMBER(R13),ISNUMBER(S13),ISNUMBER(T13),ISNUMBER(U13),N13>0,O13>0),MIN((INT(N13)*3+ROUND(MOD(N13,1)*10,0))/3,(INT(O13)*3+ROUND(MOD(O13,1)*10,0))/3),"") -> 6.6666667 | AA13: =IF(ISNUMBER(Z13),W13*Z13,"") -> -44.506667 | AB13: =IF(ISNUMBER(Z13),X13*Z13,"") -> -8.182 | AC13: =IF(ISNUMBER(Z13),Y13*Z13,"") -> 0.079333333
A14: Dustin May | B14: 25 | C14: LAD | D14: P | E14: R | F14: United States | G14: 2023 | H14: 45125 | I14: 45748 | J14: 23 | K14: 56 | L14: 21 | M14: 54 | N14: 109 | O14: 278 | P14: 0.1622 | Q14: 0.1336 | R14: 3.1376 | S14: 4.8237 | T14: 4.2754 | U14: 4.225 | V14: 19716 | W14: =IF(AND(ISNUMBER(N14),ISNUMBER(O14),ISNUMBER(P14),ISNUMBER(Q14),ISNUMBER(R14),ISNUMBER(S14),ISNUMBER(T14),ISNUMBER(U14),N14>0,O14>0),S14-R14,"") -> 1.6861 | X14: =IF(AND(ISNUMBER(N14),ISNUMBER(O14),ISNUMBER(P14),ISNUMBER(Q14),ISNUMBER(R14),ISNUMBER(S14),ISNUMBER(T14),ISNUMBER(U14),N14>0,O14>0),U14-T14,"") -> -0.0504 | Y14: =IF(AND(ISNUMBER(N14),ISNUMBER(O14),ISNUMBER(P14),ISNUMBER(Q14),ISNUMBER(R14),ISNUMBER(S14),ISNUMBER(T14),ISNUMBER(U14),N14>0,O14>0),Q14-P14,"") -> -0.0286 | Z14: =IF(AND(ISNUMBER(N14),ISNUMBER(O14),ISNUMBER(P14),ISNUMBER(Q14),ISNUMBER(R14),ISNUMBER(S14),ISNUMBER(T14),ISNUMBER(U14),N14>0,O14>0),MIN((INT(N14)*3+ROUND(MOD(N14,1)*10,0))/3,(INT(O14)*3+ROUND(MOD(O14,1)*10,0))/3),"") -> 109 | AA14: =IF(ISNUMBER(Z14),W14*Z14,"") -> 183.7849 | AB14: =IF(ISNUMBER(Z14),X14*Z14,"") -> -5.4936 | AC14: =IF(ISNUMBER(Z14),Y14*Z14,"") -> -3.1174
A15: Reiver Sanmartin | B15: 27 | C15: CIN | D15: P | E15: R | F15: Colombia | G15: 2023 | H15: 45114 | I15: 45902 | J15: 47 | K15: 25 | L15: 6 | M15: 0 | N15: 68.2 | O15: 23 | P15: 0.0891 | Q15: 0.099 | R15: 5.5049 | S15: 3.913 | T15: 4.2986 | U15: 4.2745 | V15: 19754 | W15: =IF(AND(ISNUMBER(N15),ISNUMBER(O15),ISNUMBER(P15),ISNUMBER(Q15),ISNUMBER(R15),ISNUMBER(S15),ISNUMBER(T15),ISNUMBER(U15),N15>0,O15>0),S15-R15,"") -> -1.5919 | X15: =IF(AND(ISNUMBER(N15),ISNUMBER(O15),ISNUMBER(P15),ISNUMBER(Q15),ISNUMBER(R15),ISNUMBER(S15),ISNUMBER(T15),ISNUMBER(U15),N15>0,O15>0),U15-T15,"") -> -0.0241 | Y15: =IF(AND(ISNUMBER(N15),ISNUMBER(O15),ISNUMBER(P15),ISNUMBER(Q15),ISNUMBER(R15),ISNUMBER(S15),ISNUMBER(T15),ISNUMBER(U15),N15>0,O15>0),Q15-P15,"") -> 0.0099 | Z15: =IF(AND(ISNUMBER(N15),ISNUMBER(O15),ISNUMBER(P15),ISNUMBER(Q15),ISNUMBER(R15),ISNUMBER(S15),ISNUMBER(T15),ISNUMBER(U15),N15>0,O15>0),MIN((INT(N15)*3+ROUND(MOD(N15,1)*10,0))/3,(INT(O15)*3+ROUND(MOD(O15,1)*10,0))/3),"") -> 23 | AA15: =IF(ISNUMBER(Z15),W15*Z15,"") -> -36.6137 | AB15: =IF(ISNUMBER(Z15),X15*Z15,"") -> -0.5543 | AC15: =IF(ISNUMBER(Z15),Y15*Z15,"") -> 0.2277
A16: Penn Murfee | B16: 29 | C16: SEA | D16: P | E16: R | F16: United States | G16: 2023 | H16: 45108 | I16: 45743 | J16: 64 | K16: 15 | L16: 1 | M16: 0 | N16: 69.1 | O16: 12.2 | P16: 0.2132 | Q16: 0.127 | R16: 2.9856 | S16: 7.8158 | T16: 3.1 | U16: 5.58 | V16: 25174 | W16: =IF(AND(ISNUMBER(N16),ISNUMBER(O16),ISNUMBER(P16),ISNUMBER(Q16),ISNUMBER(R16),ISNUMBER(S16),ISNUMBER(T16),ISNUMBER(U16),N16>0,O16>0),S16-R16,"") -> 4.8302 | X16: =IF(AND(ISNUMBER(N16),ISNUMBER(O16),ISNUMBER(P16),ISNUMBER(Q16),ISNUMBER(R16),ISNUMBER(S16),ISNUMBER(T16),ISNUMBER(U16),N16>0,O16>0),U16-T16,"") -> 2.48 | Y16: =IF(AND(ISNUMBER(N16),ISNUMBER(O16),ISNUMBER(P16),ISNUMBER(Q16),ISNUMBER(R16),ISNUMBER(S16),ISNUMBER(T16),ISNUMBER(U16),N16>0,O16>0),Q16-P16,"") -> -0.0862 | Z16: =IF(AND(ISNUMBER(N16),ISNUMBER(O16),ISNUMBER(P16),ISNUMBER(Q16),ISNUMBER(R16),ISNUMBER(S16),ISNUMBER(T16),ISNUMBER(U16),N16>0,O16>0),MIN((INT(N16)*3+ROUND(MOD(N16,1)*10,0))/3,(INT(O16)*3+ROUND(MOD(O16,1)*10,0))/3),"") -> 12.666667 | AA16: =IF(ISNUMBER(Z16),W16*Z16,"") -> 61.182533 | AB16: =IF(ISNUMBER(Z16),X16*Z16,"") -> 31.413333 | AC16: =IF(ISNUMBER(Z16),Y16*Z16,"") -> -1.0918667
A17: Matthew Boyd | B17: 32 | C17: DET | D17: P | E17: L | F17: United States | G17: 2023 | H17: 45105 | I17: 45517 | J17: 37 | K17: 61 | L17: 27 | M17: 61 | N17: 152.1 | O17: 346 | P17: 0.1316 | Q17: 0.1439 | R17: 4.7856 | S17: 3.4075 | T17: 4.6857 | U17: 3.8137 | V17: 15440 | W17: =IF(AND(ISNUMBER(N17),ISNUMBER(O17),ISNUMBER(P17),ISNUMBER(Q17),ISNUMBER(R17),ISNUMBER(S17),ISNUMBER(T17),ISNUMBER(U17),N17>0,O17>0),S17-R17,"") -> -1.3781 | X17: =IF(AND(ISNUMBER(N17),ISNUMBER(O17),ISNUMBER(P17),ISNUMBER(Q17),ISNUMBER(R17),ISNUMBER(S17),ISNUMBER(T17),ISNUMBER(U17),N17>0,O17>0),U17-T17,"") -> -0.872 | Y17: =IF(AND(ISNUMBER(N17),ISNUMBER(O17),ISNUMBER(P17),ISNUMBER(Q17),ISNUMBER(R17),ISNUMBER(S17),ISNUMBER(T17),ISNUMBER(U17),N17>0,O17>0),Q17-P17,"") -> 0.0123 | Z17: =IF(AND(ISNUMBER(N17),ISNUMBER(O17),ISNUMBER(P17),ISNUMBER(Q17),ISNUMBER(R17),ISNUMBER(S17),ISNUMBER(T17),ISNUMBER(U17),N17>0,O17>0),MIN((INT(N17)*3+ROUND(MOD(N17,1)*10,0))/3,(INT(O17)*3+ROUND(MOD(O17,1)*10,0))/3),"") -> 152.33333 | AA17: =IF(ISNUMBER(Z17),W17*Z17,"") -> -209.93057 | AB17: =IF(ISNUMBER(Z17),X17*Z17,"") -> -132.83467 | AC17: =IF(ISNUMBER(Z17),Y17*Z17,"") -> 1.8737
A18: Jacob deGrom | B18: 35 | C18: TEX | D18: P | E18: R | F18: United States | G18: 2023 | H18: 45089 | I18: 45548 | J18: 38 | K18: 64 | L18: 38 | M18: 64 | N18: 224.1 | O18: 346 | P18: 0.3791 | Q18: 0.2288 | R18: 2.0461 | S18: 3.5116 | T18: 1.8044 | U18: 3.3501 | V18: 10954 | W18: =IF(AND(ISNUMBER(N18),ISNUMBER(O18),ISNUMBER(P18),ISNUMBER(Q18),ISNUMBER(R18),ISNUMBER(S18),ISNUMBER(T18),ISNUMBER(U18),N18>0,O18>0),S18-R18,"") -> 1.4655 | X18: =IF(AND(ISNUMBER(N18),ISNUMBER(O18),ISNUMBER(P18),ISNUMBER(Q18),ISNUMBER(R18),ISNUMBER(S18),ISNUMBER(T18),ISNUMBER(U18),N18>0,O18>0),U18-T18,"") -> 1.5457 | Y18: =IF(AND(ISNUMBER(N18),ISNUMBER(O18),ISNUMBER(P18),ISNUMBER(Q18),ISNUMBER(R18),ISNUMBER(S18),ISNUMBER(T18),ISNUMBER(U18),N18>0,O18>0),Q18-P18,"") -> -0.1503 | Z18: =IF(AND(ISNUMBER(N18),ISNUMBER(O18),ISNUMBER(P18),ISNUMBER(Q18),ISNUMBER(R18),ISNUMBER(S18),ISNUMBER(T18),ISNUMBER(U18),N18>0,O18>0),MIN((INT(N18)*3+ROUND(MOD(N18,1)*10,0))/3,(INT(O18)*3+ROUND(MOD(O18,1)*10,0))/3),"") -> 224.33333 | AA18: =IF(ISNUMBER(Z18),W18*Z18,"") -> 328.7605 | AB18: =IF(ISNUMBER(Z18),X18*Z18,"") -> 346.75203 | AC18: =IF(ISNUMBER(Z18),Y18*Z18,"") -> -33.7173
A19: Connor Overton | B19: 29 | C19: CIN | D19: P | E19: R | F19: United States | G19: 2023 | H19: 45069 | J19: 15 | K19: NULL | L19: 7 | M19: NULL | N19: 48.1 | O19: NULL | P19: 0.0695 | Q19: NULL | R19: 3.3517 | S19: NULL | T19: 3.733 | U19: NULL | V19: 18376 | W19: =IF(AND(ISNUMBER(N19),ISNUMBER(O19),ISNUMBER(P19),ISNUMBER(Q19),ISNUMBER(R19),ISNUMBER(S19),ISNUMBER(T19),ISNUMBER(U19),N19>0,O19>0),S19-R19,"") | X19: =IF(AND(ISNUMBER(N19),ISNUMBER(O19),ISNUMBER(P19),ISNUMBER(Q19),ISNUMBER(R19),ISNUMBER(S19),ISNUMBER(T19),ISNUMBER(U19),N19>0,O19>0),U19-T19,"") | Y19: =IF(AND(ISNUMBER(N19),ISNUMBER(O19),ISNUMBER(P19),ISNUMBER(Q19),ISNUMBER(R19),ISNUMBER(S19),ISNUMBER(T19),ISNUMBER(U19),N19>0,O19>0),Q19-P19,"") | Z19: =IF(AND(ISNUMBER(N19),ISNUMBER(O19),ISNUMBER(P19),ISNUMBER(Q19),ISNUMBER(R19),ISNUMBER(S19),ISNUMBER(T19),ISNUMBER(U19),N19>0,O19>0),MIN((INT(N19)*3+ROUND(MOD(N19,1)*10,0))/3,(INT(O19)*3+ROUND(MOD(O19,1)*10,0))/3),"") | AA19: =IF(ISNUMBER(Z19),W19*Z19,"") | AB19: =IF(ISNUMBER(Z19),X19*Z19,"") | AC19: =IF(ISNUMBER(Z19),Y19*Z19,"")
A20: Tyler Mahle | B20: 28 | C20: MIN | D20: P | E20: R | F20: United States | G20: 2023 | H20: 45068 | I20: 45510 | J20: 66 | K20: 46 | L20: 65 | M20: 46 | N20: 348.1 | O20: 248.1 | P20: 0.1832 | Q20: 0.1319 | R20: 3.9531 | S20: 3.4067 | T20: 3.8352 | U20: 3.7639 | V20: 16358 | W20: =IF(AND(ISNUMBER(N20),ISNUMBER(O20),ISNUMBER(P20),ISNUMBER(Q20),ISNUMBER(R20),ISNUMBER(S20),ISNUMBER(T20),ISNUMBER(U20),N20>0,O20>0),S20-R20,"") -> -0.5464 | X20: =IF(AND(ISNUMBER(N20),ISNUMBER(O20),ISNUMBER(P20),ISNUMBER(Q20),ISNUMBER(R20),ISNUMBER(S20),ISNUMBER(T20),ISNUMBER(U20),N20>0,O20>0),U20-T20,"") -> -0.0713 | Y20: =IF(AND(ISNUMBER(N20),ISNUMBER(O20),ISNUMBER(P20),ISNUMBER(Q20),ISNUMBER(R20),ISNUMBER(S20),ISNUMBER(T20),ISNUMBER(U20),N20>0,O20>0),Q20-P20,"") -> -0.0513 | Z20: =IF(AND(ISNUMBER(N20),ISNUMBER(O20),ISNUMBER(P20),ISNUMBER(Q20),ISNUMBER(R20),ISNUMBER(S20),ISNUMBER(T20),ISNUMBER(U20),N20>0,O20>0),MIN((INT(N20)*3+ROUND(MOD(N20,1)*10,0))/3,(INT(O20)*3+ROUND(MOD(O20,1)*10,0))/3),"") -> 248.33333 | AA20: =IF(ISNUMBER(Z20),W20*Z20,"") -> -135.68933 | AB20: =IF(ISNUMBER(Z20),X20*Z20,"") -> -17.706167 | AC20: =IF(ISNUMBER(Z20),Y20*Z20,"") -> -12.7395
A21: Luis Garcia | B21: 26 | C21: HOU | D21: P | E21: R | F21: Venezuela | G21: 2023 | H21: 45065 | I21: 45901 | W21: =IF(AND(ISNUMBER(N21),ISNUMBER(O21),ISNUMBER(P21),ISNUMBER(Q21),ISNUMBER(R21),ISNUMBER(S21),ISNUMBER(T21),ISNUMBER(U21),N21>0,O21>0),S21-R21,"") | X21: =IF(AND(ISNUMBER(N21),ISNUMBER(O21),ISNUMBER(P21),ISNUMBER(Q21),ISNUMBER(R21),ISNUMBER(S21),ISNUMBER(T21),ISNUMBER(U21),N21>0,O21>0),U21-T21,"") | Y21: =IF(AND(ISNUMBER(N21),ISNUMBER(O21),ISNUMBER(P21),ISNUMBER(Q21),ISNUMBER(R21),ISNUMBER(S21),ISNUMBER(T21),ISNUMBER(U21),N21>0,O21>0),Q21-P21,"") | Z21: =IF(AND(ISNUMBER(N21),ISNUMBER(O21),ISNUMBER(P21),ISNUMBER(Q21),ISNUMBER(R21),ISNUMBER(S21),ISNUMBER(T21),ISNUMBER(U21),N21>0,O21>0),MIN((INT(N21)*3+ROUND(MOD(N21,1)*10,0))/3,(INT(O21)*3+ROUND(MOD(O21,1)*10,0))/3),"") | AA21: =IF(ISNUMBER(Z21),W21*Z21,"") | AB21: =IF(ISNUMBER(Z21),X21*Z21,"") | AC21: =IF(ISNUMBER(Z21),Y21*Z21,"")
A22: Jose Quijada | B22: 27 | C22: LAA | D22: P | E22: L | F22: Venezuela | G22: 2023 | H22: 45063 | I22: 45497 | J22: 74 | K22: 24 | L22: 0 | M22: 0 | N22: 70 | O22: 20.2 | P22: 0.194 | Q22: 0.087 | R22: 4.3714 | S22: 3.0484 | T22: 3.6798 | U22: 4.2252 | V22: 19200 | W22: =IF(AND(ISNUMBER(N22),ISNUMBER(O22),ISNUMBER(P22),ISNUMBER(Q22),ISNUMBER(R22),ISNUMBER(S22),ISNUMBER(T22),ISNUMBER(U22),N22>0,O22>0),S22-R22,"") -> -1.323 | X22: =IF(AND(ISNUMBER(N22),ISNUMBER(O22),ISNUMBER(P22),ISNUMBER(Q22),ISNUMBER(R22),ISNUMBER(S22),ISNUMBER(T22),ISNUMBER(U22),N22>0,O22>0),U22-T22,"") -> 0.5454 | Y22: =IF(AND(ISNUMBER(N22),ISNUMBER(O22),ISNUMBER(P22),ISNUMBER(Q22),ISNUMBER(R22),ISNUMBER(S22),ISNUMBER(T22),ISNUMBER(U22),N22>0,O22>0),Q22-P22,"") -> -0.107 | Z22: =IF(AND(ISNUMBER(N22),ISNUMBER(O22),ISNUMBER(P22),ISNUMBER(Q22),ISNUMBER(R22),ISNUMBER(S22),ISNUMBER(T22),ISNUMBER(U22),N22>0,O22>0),MIN((INT(N22)*3+ROUND(MOD(N22,1)*10,0))/3,(INT(O22)*3+ROUND(MOD(O22,1)*10,0))/3),"") -> 20.666667 | AA22: =IF(ISNUMBER(Z22),W22*Z22,"") -> -27.342 | AB22: =IF(ISNUMBER(Z22),X22*Z22,"") -> 11.2716 | AC22: =IF(ISNUMBER(Z22),Y22*Z22,"") -> -2.2113333
A23: Austin Warren | B23: 27 | C23: LAA | D23: P | E23: R | F23: United States | G23: 2023 | H23: 45063 | I23: 45532 | J23: 30 | K23: 52 | L23: 0 | M23: 2 | N23: 36.1 | O23: 70.1 | P23: 0.1234 | Q23: 0.1301 | R23: 3.4679 | S23: 3.327 | T23: 3.53 | U23: 4.1083 | V23: 24937 | W23: =IF(AND(ISNUMBER(N23),ISNUMBER(O23),ISNUMBER(P23),ISNUMBER(Q23),ISNUMBER(R23),ISNUMBER(S23),ISNUMBER(T23),ISNUMBER(U23),N23>0,O23>0),S23-R23,"") -> -0.1409 | X23: =IF(AND(ISNUMBER(N23),ISNUMBER(O23),ISNUMBER(P23),ISNUMBER(Q23),ISNUMBER(R23),ISNUMBER(S23),ISNUMBER(T23),ISNUMBER(U23),N23>0,O23>0),U23-T23,"") -> 0.5783 | Y23: =IF(AND(ISNUMBER(N23),ISNUMBER(O23),ISNUMBER(P23),ISNUMBER(Q23),ISNUMBER(R23),ISNUMBER(S23),ISNUMBER(T23),ISNUMBER(U23),N23>0,O23>0),Q23-P23,"") -> 0.0067 | Z23: =IF(AND(ISNUMBER(N23),ISNUMBER(O23),ISNUMBER(P23),ISNUMBER(Q23),ISNUMBER(R23),ISNUMBER(S23),ISNUMBER(T23),ISNUMBER(U23),N23>0,O23>0),MIN((INT(N23)*3+ROUND(MOD(N23,1)*10,0))/3,(INT(O23)*3+ROUND(MOD(O23,1)*10,0))/3),"") -> 36.333333 | AA23: =IF(ISNUMBER(Z23),W23*Z23,"") -> -5.1193667 | AB23: =IF(ISNUMBER(Z23),X23*Z23,"") -> 21.011567 | AC23: =IF(ISNUMBER(Z23),Y23*Z23,"") -> 0.24343333
A24: German Marquez | B24: 28 | C24: COL | D24: P | E24: R | F24: Venezuela | G24: 2023 | H24: 45058 | I24: 45487 | J24: 76 | K24: 40 | L24: 76 | M24: 37 | N24: 443.1 | O24: 183.1 | P24: 0.1315 | Q24: 0.0555 | R24: 4.5068 | S24: 6.2836 | T24: 4.1015 | U24: 5.853 | V24: 15038 | W24: =IF(AND(ISNUMBER(N24),ISNUMBER(O24),ISNUMBER(P24),ISNUMBER(Q24),ISNUMBER(R24),ISNUMBER(S24),ISNUMBER(T24),ISNUMBER(U24),N24>0,O24>0),S24-R24,"") -> 1.7768 | X24: =IF(AND(ISNUMBER(N24),ISNUMBER(O24),ISNUMBER(P24),ISNUMBER(Q24),ISNUMBER(R24),ISNUMBER(S24),ISNUMBER(T24),ISNUMBER(U24),N24>0,O24>0),U24-T24,"") -> 1.7515 | Y24: =IF(AND(ISNUMBER(N24),ISNUMBER(O24),ISNUMBER(P24),ISNUMBER(Q24),ISNUMBER(R24),ISNUMBER(S24),ISNUMBER(T24),ISNUMBER(U24),N24>0,O24>0),Q24-P24,"") -> -0.076 | Z24: =IF(AND(ISNUMBER(N24),ISNUMBER(O24),ISNUMBER(P24),ISNUMBER(Q24),ISNUMBER(R24),ISNUMBER(S24),ISNUMBER(T24),ISNUMBER(U24),N24>0,O24>0),MIN((INT(N24)*3+ROUND(MOD(N24,1)*10,0))/3,(INT(O24)*3+ROUND(MOD(O24,1)*10,0))/3),"") -> 183.33333 | AA24: =IF(ISNUMBER(Z24),W24*Z24,"") -> 325.74667 | AB24: =IF(ISNUMBER(Z24),X24*Z24,"") -> 321.10833 | AC24: =IF(ISNUMBER(Z24),Y24*Z24,"") -> -13.933333
A25: Lou Trivino | B25: 31 | C25: NYY | D25: P | E25: R | F25: United States | G25: 2023 | H25: 45049 | I25: 45745 | J25: 155 | K25: 52 | L25: 0 | M25: 2 | N25: 150.2 | O25: 53.2 | P25: 0.1409 | Q25: 0.0782 | R25: 3.7633 | S25: 5.1988 | T25: 3.7483 | U25: 4.976 | V25: 15043 | W25: =IF(AND(ISNUMBER(N25),ISNUMBER(O25),ISNUMBER(P25),ISNUMBER(Q25),ISNUMBER(R25),ISNUMBER(S25),ISNUMBER(T25),ISNUMBER(U25),N25>0,O25>0),S25-R25,"") -> 1.4355 | X25: =IF(AND(ISNUMBER(N25),ISNUMBER(O25),ISNUMBER(P25),ISNUMBER(Q25),ISNUMBER(R25),ISNUMBER(S25),ISNUMBER(T25),ISNUMBER(U25),N25>0,O25>0),U25-T25,"") -> 1.2277 | Y25: =IF(AND(ISNUMBER(N25),ISNUMBER(O25),ISNUMBER(P25),ISNUMBER(Q25),ISNUMBER(R25),ISNUMBER(S25),ISNUMBER(T25),ISNUMBER(U25),N25>0,O25>0),Q25-P25,"") -> -0.0627 | Z25: =IF(AND(ISNUMBER(N25),ISNUMBER(O25),ISNUMBER(P25),ISNUMBER(Q25),ISNUMBER(R25),ISNUMBER(S25),ISNUMBER(T25),ISNUMBER(U25),N25>0,O25>0),MIN((INT(N25)*3+ROUND(MOD(N25,1)*10,0))/3,(INT(O25)*3+ROUND(MOD(O25,1)*10,0))/3),"") -> 53.666667 | AA25: =IF(ISNUMBER(Z25),W25*Z25,"") -> 77.0385 | AB25: =IF(ISNUMBER(Z25),X25*Z25,"") -> 65.886567 | AC25: =IF(ISNUMBER(Z25),Y25*Z25,"") -> -3.3649
A26: Robbie Ray | B26: 31 | C26: SEA | D26: P | E26: L | F26: United States | G26: 2023 | H26: 45049 | I26: 45497 | J26: 76 | K26: 70 | L26: 75 | M26: 69 | N26: 434 | O26: 378.2 | P26: 0.2051 | Q26: 0.1242 | R26: 3.6705 | S26: 3.7077 | T26: 4.2292 | U26: 4.3459 | V26: 11486 | W26: =IF(AND(ISNUMBER(N26),ISNUMBER(O26),ISNUMBER(P26),ISNUMBER(Q26),ISNUMBER(R26),ISNUMBER(S26),ISNUMBER(T26),ISNUMBER(U26),N26>0,O26>0),S26-R26,"") -> 0.0372 | X26: =IF(AND(ISNUMBER(N26),ISNUMBER(O26),ISNUMBER(P26),ISNUMBER(Q26),ISNUMBER(R26),ISNUMBER(S26),ISNUMBER(T26),ISNUMBER(U26),N26>0,O26>0),U26-T26,"") -> 0.1167 | Y26: =IF(AND(ISNUMBER(N26),ISNUMBER(O26),ISNUMBER(P26),ISNUMBER(Q26),ISNUMBER(R26),ISNUMBER(S26),ISNUMBER(T26),ISNUMBER(U26),N26>0,O26>0),Q26-P26,"") -> -0.0809 | Z26: =IF(AND(ISNUMBER(N26),ISNUMBER(O26),ISNUMBER(P26),ISNUMBER(Q26),ISNUMBER(R26),ISNUMBER(S26),ISNUMBER(T26),ISNUMBER(U26),N26>0,O26>0),MIN((INT(N26)*3+ROUND(MOD(N26,1)*10,0))/3,(INT(O26)*3+ROUND(MOD(O26,1)*10,0))/3),"") -> 378.66667 | AA26: =IF(ISNUMBER(Z26),W26*Z26,"") -> 14.0864 | AB26: =IF(ISNUMBER(Z26),X26*Z26,"") -> 44.1904 | AC26: =IF(ISNUMBER(Z26),Y26*Z26,"") -> -30.634133
A27: Easton McGee | B27: 25 | C27: SEA | D27: P | E27: R | F27: United States | G27: 2023 | H27: 45047 | I27: 45798 | J27: 1 | K27: 18 | L27: 0 | M27: 0 | N27: 3 | O27: 26 | P27: 0.0714 | Q27: 0.1053 | R27: 0 | S27: 6.2308 | T27: 2.45 | U27: 4.5821 | V27: 22176 | W27: =IF(AND(ISNUMBER(N27),ISNUMBER(O27),ISNUMBER(P27),ISNUMBER(Q27),ISNUMBER(R27),ISNUMBER(S27),ISNUMBER(T27),ISNUMBER(U27),N27>0,O27>0),S27-R27,"") -> 6.2308 | X27: =IF(AND(ISNUMBER(N27),ISNUMBER(O27),ISNUMBER(P27),ISNUMBER(Q27),ISNUMBER(R27),ISNUMBER(S27),ISNUMBER(T27),ISNUMBER(U27),N27>0,O27>0),U27-T27,"") -> 2.1321 | Y27: =IF(AND(ISNUMBER(N27),ISNUMBER(O27),ISNUMBER(P27),ISNUMBER(Q27),ISNUMBER(R27),ISNUMBER(S27),ISNUMBER(T27),ISNUMBER(U27),N27>0,O27>0),Q27-P27,"") -> 0.0339 | Z27: =IF(AND(ISNUMBER(N27),ISNUMBER(O27),ISNUMBER(P27),ISNUMBER(Q27),ISNUMBER(R27),ISNUMBER(S27),ISNUMBER(T27),ISNUMBER(U27),N27>0,O27>0),MIN((INT(N27)*3+ROUND(MOD(N27,1)*10,0))/3,(INT(O27)*3+ROUND(MOD(O27,1)*10,0))/3),"") -> 3 | AA27: =IF(ISNUMBER(Z27),W27*Z27,"") -> 18.6924 | AB27: =IF(ISNUMBER(Z27),X27*Z27,"") -> 6.3963 | AC27: =IF(ISNUMBER(Z27),Y27*Z27,"") -> 0.1017
A28: Jeffrey Springs | B28: 30 | C28: TB | D28: P | E28: L | F28: United States | G28: 2023 | H28: 45047 | I28: 45503 | J28: 92 | K28: 68 | L28: 25 | M28: 66 | N28: 200.1 | O28: 346.2 | P28: 0.2213 | Q28: 0.1111 | R28: 3.1448 | S28: 4.8808 | T28: 3.4136 | U28: 5.15 | V28: 17677 | W28: =IF(AND(ISNUMBER(N28),ISNUMBER(O28),ISNUMBER(P28),ISNUMBER(Q28),ISNUMBER(R28),ISNUMBER(S28),ISNUMBER(T28),ISNUMBER(U28),N28>0,O28>0),S28-R28,"") -> 1.736 | X28: =IF(AND(ISNUMBER(N28),ISNUMBER(O28),ISNUMBER(P28),ISNUMBER(Q28),ISNUMBER(R28),ISNUMBER(S28),ISNUMBER(T28),ISNUMBER(U28),N28>0,O28>0),U28-T28,"") -> 1.7364 | Y28: =IF(AND(ISNUMBER(N28),ISNUMBER(O28),ISNUMBER(P28),ISNUMBER(Q28),ISNUMBER(R28),ISNUMBER(S28),ISNUMBER(T28),ISNUMBER(U28),N28>0,O28>0),Q28-P28,"") -> -0.1102 | Z28: =IF(AND(ISNUMBER(N28),ISNUMBER(O28),ISNUMBER(P28),ISNUMBER(Q28),ISNUMBER(R28),ISNUMBER(S28),ISNUMBER(T28),ISNUMBER(U28),N28>0,O28>0),MIN((INT(N28)*3+ROUND(MOD(N28,1)*10,0))/3,(INT(O28)*3+ROUND(MOD(O28,1)*10,0))/3),"") -> 200.33333 | AA28: =IF(ISNUMBER(Z28),W28*Z28,"") -> 347.77867 | AB28: =IF(ISNUMBER(Z28),X28*Z28,"") -> 347.8588 | AC28: =IF(ISNUMBER(Z28),Y28*Z28,"") -> -22.076733
A29: Kris Bubic | B29: 25 | C29: KC | D29: P | E29: L | F29: United States | G29: 2023 | H29: 45044 | I29: 45480 | J29: 67 | K29: 61 | L29: 57 | M29: 29 | N29: 309 | O29: 201.2 | P29: 0.0945 | Q29: 0.1713 | R29: 4.8932 | S29: 2.9008 | T29: 4.9266 | U29: 2.9259 | V29: 21455 | W29: =IF(AND(ISNUMBER(N29),ISNUMBER(O29),ISNUMBER(P29),ISNUMBER(Q29),ISNUMBER(R29),ISNUMBER(S29),ISNUMBER(T29),ISNUMBER(U29),N29>0,O29>0),S29-R29,"") -> -1.9924 | X29: =IF(AND(ISNUMBER(N29),ISNUMBER(O29),ISNUMBER(P29),ISNUMBER(Q29),ISNUMBER(R29),ISNUMBER(S29),ISNUMBER(T29),ISNUMBER(U29),N29>0,O29>0),U29-T29,"") -> -2.0007 | Y29: =IF(AND(ISNUMBER(N29),ISNUMBER(O29),ISNUMBER(P29),ISNUMBER(Q29),ISNUMBER(R29),ISNUMBER(S29),ISNUMBER(T29),ISNUMBER(U29),N29>0,O29>0),Q29-P29,"") -> 0.0768 | Z29: =IF(AND(ISNUMBER(N29),ISNUMBER(O29),ISNUMBER(P29),ISNUMBER(Q29),ISNUMBER(R29),ISNUMBER(S29),ISNUMBER(T29),ISNUMBER(U29),N29>0,O29>0),MIN((INT(N29)*3+ROUND(MOD(N29,1)*10,0))/3,(INT(O29)*3+ROUND(MOD(O29,1)*10,0))/3),"") -> 201.66667 | AA29: =IF(ISNUMBER(Z29),W29*Z29,"") -> -401.80067 | AB29: =IF(ISNUMBER(Z29),X29*Z29,"") -> -403.4745 | AC29: =IF(ISNUMBER(Z29),Y29*Z29,"") -> 15.488
A30: JT Brubaker | B30: 29 | C30: PIT | D30: P | E30: R | F30: United States | G30: 2023 | H30: 45028 | I30: 45829 | J30: 63 | K30: 58 | L30: 61 | M30: 2 | N30: 315.2 | O30: 89 | P30: 0.1548 | Q30: 0.0627 | R30: 4.9894 | S30: 3.6404 | T30: 4.4324 | U30: 3.8548 | V30: 17578 | W30: =IF(AND(ISNUMBER(N30),ISNUMBER(O30),ISNUMBER(P30),ISNUMBER(Q30),ISNUMBER(R30),ISNUMBER(S30),ISNUMBER(T30),ISNUMBER(U30),N30>0,O30>0),S30-R30,"") -> -1.349 | X30: =IF(AND(ISNUMBER(N30),ISNUMBER(O30),ISNUMBER(P30),ISNUMBER(Q30),ISNUMBER(R30),ISNUMBER(S30),ISNUMBER(T30),ISNUMBER(U30),N30>0,O30>0),U30-T30,"") -> -0.5776 | Y30: =IF(AND(ISNUMBER(N30),ISNUMBER(O30),ISNUMBER(P30),ISNUMBER(Q30),ISNUMBER(R30),ISNUMBER(S30),ISNUMBER(T30),ISNUMBER(U30),N30>0,O30>0),Q30-P30,"") -> -0.0921 | Z30: =IF(AND(ISNUMBER(N30),ISNUMBER(O30),ISNUMBER(P30),ISNUMBER(Q30),ISNUMBER(R30),ISNUMBER(S30),ISNUMBER(T30),ISNUMBER(U30),N30>0,O30>0),MIN((INT(N30)*3+ROUND(MOD(N30,1)*10,0))/3,(INT(O30)*3+ROUND(MOD(O30,1)*10,0))/3),"") -> 89 | AA30: =IF(ISNUMBER(Z30),W30*Z30,"") -> -120.061 | AB30: =IF(ISNUMBER(Z30),X30*Z30,"") -> -51.4064 | AC30: =IF(ISNUMBER(Z30),Y30*Z30,"") -> -8.1969
A31: Cade Cavalli | B31: 24 | C31: WAS | D31: P | E31: R | F31: United States | G31: 2023 | H31: 45007 | I31: 45875 | J31: 1 | K31: 42 | L31: 1 | M31: 42 | N31: 4.1 | O31: 218.1 | P31: 0.1739 | Q31: 0.1914 | R31: 14.5385 | S31: 3.2977 | T31: 3.8 | U31: 3.5353 | V31: 27473 | W31: =IF(AND(ISNUMBER(N31),ISNUMBER(O31),ISNUMBER(P31),ISNUMBER(Q31),ISNUMBER(R31),ISNUMBER(S31),ISNUMBER(T31),ISNUMBER(U31),N31>0,O31>0),S31-R31,"") -> -11.2408 | X31: =IF(AND(ISNUMBER(N31),ISNUMBER(O31),ISNUMBER(P31),ISNUMBER(Q31),ISNUMBER(R31),ISNUMBER(S31),ISNUMBER(T31),ISNUMBER(U31),N31>0,O31>0),U31-T31,"") -> -0.2647 | Y31: =IF(AND(ISNUMBER(N31),ISNUMBER(O31),ISNUMBER(P31),ISNUMBER(Q31),ISNUMBER(R31),ISNUMBER(S31),ISNUMBER(T31),ISNUMBER(U31),N31>0,O31>0),Q31-P31,"") -> 0.0175 | Z31: =IF(AND(ISNUMBER(N31),ISNUMBER(O31),ISNUMBER(P31),ISNUMBER(Q31),ISNUMBER(R31),ISNUMBER(S31),ISNUMBER(T31),ISNUMBER(U31),N31>0,O31>0),MIN((INT(N31)*3+ROUND(MOD(N31,1)*10,0))/3,(INT(O31)*3+ROUND(MOD(O31,1)*10,0))/3),"") -> 4.3333333 | AA31: =IF(ISNUMBER(Z31),W31*Z31,"") -> -48.710133 | AB31: =IF(ISNUMBER(Z31),X31*Z31,"") -> -1.1470333 | AC31: =IF(ISNUMBER(Z31),Y31*Z31,"") -> 0.075833333
A32: Lucas Gilbreath | B32: 27 | C32: COL | D32: P | E32: L | F32: United States | G32: 2023 | H32: 44999 | I32: 45520 | J32: 94 | K32: 4 | L32: 1 | M32: 0 | N32: 85.2 | O32: 2 | P32: 0.1183 | Q32: 0.0625 | R32: 3.7821 | S32: 31.5 | T32: 3.9235 | U32: 17.155 | V32: 21290 | W32: =IF(AND(ISNUMBER(N32),ISNUMBER(O32),ISNUMBER(P32),ISNUMBER(Q32),ISNUMBER(R32),ISNUMBER(S32),ISNUMBER(T32),ISNUMBER(U32),N32>0,O32>0),S32-R32,"") -> 27.7179 | X32: =IF(AND(ISNUMBER(N32),ISNUMBER(O32),ISNUMBER(P32),ISNUMBER(Q32),ISNUMBER(R32),ISNUMBER(S32),ISNUMBER(T32),ISNUMBER(U32),N32>0,O32>0),U32-T32,"") -> 13.2315 | Y32: =IF(AND(ISNUMBER(N32),ISNUMBER(O32),ISNUMBER(P32),ISNUMBER(Q32),ISNUMBER(R32),ISNUMBER(S32),ISNUMBER(T32),ISNUMBER(U32),N32>0,O32>0),Q32-P32,"") -> -0.0558 | Z32: =IF(AND(ISNUMBER(N32),ISNUMBER(O32),ISNUMBER(P32),ISNUMBER(Q32),ISNUMBER(R32),ISNUMBER(S32),ISNUMBER(T32),ISNUMBER(U32),N32>0,O32>0),MIN((INT(N32)*3+ROUND(MOD(N32,1)*10,0))/3,(INT(O32)*3+ROUND(MOD(O32,1)*10,0))/3),"") -> 2 | AA32: =IF(ISNUMBER(Z32),W32*Z32,"") -> 55.4358 | AB32: =IF(ISNUMBER(Z32),X32*Z32,"") -> 26.463 | AC32: =IF(ISNUMBER(Z32),Y32*Z32,"") -> -0.1116
A33: Scott Effross | B33: 28 | C33: NYY | D33: P | E33: R | F33: United States | G33: 2022 | H33: 44847 | I33: 45536 | J33: 14 | K33: 14 | L33: 0 | M33: 0 | N33: 14.2 | O33: 14 | P33: 0.2931 | Q33: 0.0462 | R33: 3.6818 | S33: 7.7143 | T33: 3.31 | U33: 4.9271 | V33: 18384 | W33: =IF(AND(ISNUMBER(N33),ISNUMBER(O33),ISNUMBER(P33),ISNUMBER(Q33),ISNUMBER(R33),ISNUMBER(S33),ISNUMBER(T33),ISNUMBER(U33),N33>0,O33>0),S33-R33,"") -> 4.0325 | X33: =IF(AND(ISNUMBER(N33),ISNUMBER(O33),ISNUMBER(P33),ISNUMBER(Q33),ISNUMBER(R33),ISNUMBER(S33),ISNUMBER(T33),ISNUMBER(U33),N33>0,O33>0),U33-T33,"") -> 1.6171 | Y33: =IF(AND(ISNUMBER(N33),ISNUMBER(O33),ISNUMBER(P33),ISNUMBER(Q33),ISNUMBER(R33),ISNUMBER(S33),ISNUMBER(T33),ISNUMBER(U33),N33>0,O33>0),Q33-P33,"") -> -0.2469 | Z33: =IF(AND(ISNUMBER(N33),ISNUMBER(O33),ISNUMBER(P33),ISNUMBER(Q33),ISNUMBER(R33),ISNUMBER(S33),ISNUMBER(T33),ISNUMBER(U33),N33>0,O33>0),MIN((INT(N33)*3+ROUND(MOD(N33,1)*10,0))/3,(INT(O33)*3+ROUND(MOD(O33,1)*10,0))/3),"") -> 14 | AA33: =IF(ISNUMBER(Z33),W33*Z33,"") -> 56.455 | AB33: =IF(ISNUMBER(Z33),X33*Z33,"") -> 22.6394 | AC33: =IF(ISNUMBER(Z33),Y33*Z33,"") -> -3.4566
... A40: Cody Poteet | B40: 27 | C40: MIA | D40: P | E40: R | F40: United States | G40: 2022 | H40: 44790 | I40: 45395 | J40: 7 | K40: 6 | L40: 7 | M40: 4 | N40: 30.2 | O40: 27 | P40: 0.1212 | Q40: 0.0625 | R40: 4.9891 | S40: 3.6667 | T40: 5.62 | U40: 4.0902 | V40: 18769 | W40: =IF(AND(ISNUMBER(N40),ISNUMBER(O40),ISNUMBER(P40),ISNUMBER(Q40),ISNUMBER(R40),ISNUMBER(S40),ISNUMBER(T40),ISNUMBER(U40),N40>0,O40>0),S40-R40,"") -> -1.3224 | X40: =IF(AND(ISNUMBER(N40),ISNUMBER(O40),ISNUMBER(P40),ISNUMBER(Q40),ISNUMBER(R40),ISNUMBER(S40),ISNUMBER(T40),ISNUMBER(U40),N40>0,O40>0),U40-T40,"") -> -1.5298 | Y40: =IF(AND(ISNUMBER(N40),ISNUMBER(O40),ISNUMBER(P40),ISNUMBER(Q40),ISNUMBER(R40),ISNUMBER(S40),ISNUMBER(T40),ISNUMBER(U40),N40>0,O40>0),Q40-P40,"") -> -0.0587 | Z40: =IF(AND(ISNUMBER(N40),ISNUMBER(O40),ISNUMBER(P40),ISNUMBER(Q40),ISNUMBER(R40),ISNUMBER(S40),ISNUMBER(T40),ISNUMBER(U40),N40>0,O40>0),MIN((INT(N40)*3+ROUND(MOD(N40,1)*10,0))/3,(INT(O40)*3+ROUND(MOD(O40,1)*10,0))/3),"") -> 27 | AA40: =IF(ISNUMBER(Z40),W40*Z40,"") -> -35.7048 | AB40: =IF(ISNUMBER(Z40),X40*Z40,"") -> -41.3046 | AC40: =IF(ISNUMBER(Z40),Y40*Z40,"") -> -1.5849
A41: Max Meyer | B41: 23 | C41: MIA | D41: P | E41: R | F41: United States | G41: 2022 | H41: 44782 | I41: 45383 | K41: 23 | M41: 23 | O41: 121.2 | Q41: 0.1407 | S41: 5.1781 | U41: 5.1346 | V41: 27474 | W41: =IF(AND(ISNUMBER(N41),ISNUMBER(O41),ISNUMBER(P41),ISNUMBER(Q41),ISNUMBER(R41),ISNUMBER(S41),ISNUMBER(T41),ISNUMBER(U41),N41>0,O41>0),S41-R41,"") | X41: =IF(AND(ISNUMBER(N41),ISNUMBER(O41),ISNUMBER(P41),ISNUMBER(Q41),ISNUMBER(R41),ISNUMBER(S41),ISNUMBER(T41),ISNUMBER(U41),N41>0,O41>0),U41-T41,"") | Y41: =IF(AND(ISNUMBER(N41),ISNUMBER(O41),ISNUMBER(P41),ISNUMBER(Q41),ISNUMBER(R41),ISNUMBER(S41),ISNUMBER(T41),ISNUMBER(U41),N41>0,O41>0),Q41-P41,"") | Z41: =IF(AND(ISNUMBER(N41),ISNUMBER(O41),ISNUMBER(P41),ISNUMBER(Q41),ISNUMBER(R41),ISNUMBER(S41),ISNUMBER(T41),ISNUMBER(U41),N41>0,O41>0),MIN((INT(N41)*3+ROUND(MOD(N41,1)*10,0))/3,(INT(O41)*3+ROUND(MOD(O41,1)*10,0))/3),"") | AA41: =IF(ISNUMBER(Z41),W41*Z41,"") | AB41: =IF(ISNUMBER(Z41),X41*Z41,"") | AC41: =IF(ISNUMBER(Z41),Y41*Z41,"")
A42: Humberto Castellanos | B42: 24 | C42: ARI | D42: P | E42: R | F42: Mexico | G42: 2022 | H42: 44781 | I42: 45450 | J42: 22 | K42: 7 | L42: 7 | M42: 0 | N42: 56.1 | O42: 10.1 | P42: 0.085 | Q42: 0.0625 | R42: 5.2722 | S42: 5.2258 | T42: 5.0744 | U42: 3.55 | V42: 21183 | W42: =IF(AND(ISNUMBER(N42),ISNUMBER(O42),ISNUMBER(P42),ISNUMBER(Q42),ISNUMBER(R42),ISNUMBER(S42),ISNUMBER(T42),ISNUMBER(U42),N42>0,O42>0),S42-R42,"") -> -0.0464 | X42: =IF(AND(ISNUMBER(N42),ISNUMBER(O42),ISNUMBER(P42),ISNUMBER(Q42),ISNUMBER(R42),ISNUMBER(S42),ISNUMBER(T42),ISNUMBER(U42),N42>0,O42>0),U42-T42,"") -> -1.5244 | Y42: =IF(AND(ISNUMBER(N42),ISNUMBER(O42),ISNUMBER(P42),ISNUMBER(Q42),ISNUMBER(R42),ISNUMBER(S42),ISNUMBER(T42),ISNUMBER(U42),N42>0,O42>0),Q42-P42,"") -> -0.0225 | Z42: =IF(AND(ISNUMBER(N42),ISNUMBER(O42),ISNUMBER(P42),ISNUMBER(Q42),ISNUMBER(R42),ISNUMBER(S42),ISNUMBER(T42),ISNUMBER(U42),N42>0,O42>0),MIN((INT(N42)*3+ROUND(MOD(N42,1)*10,0))/3,(INT(O42)*3+ROUND(MOD(O42,1)*10,0))/3),"") -> 10.333333 | AA42: =IF(ISNUMBER(Z42),W42*Z42,"") -> -0.47946667 | AB42: =IF(ISNUMBER(Z42),X42*Z42,"") -> -15.752133 | AC42: =IF(ISNUMBER(Z42),Y42*Z42,"") -> -0.2325
A43: Tanner Rainey | B43: 29 | C43: WAS | D43: P | E43: R | F43: United States | G43: 2022 | H43: 44776 | I43: 45199 | J43: 110 | K43: 64 | L43: 0 | M43: 0 | N43: 100.1 | O43: 61.2 | P43: 0.1773 | Q43: 0.0601 | R43: 4.7542 | S43: 5.6919 | T43: 4.6481 | U43: 5.1723 | V43: 17610 | W43: =IF(AND(ISNUMBER(N43),ISNUMBER(O43),ISNUMBER(P43),ISNUMBER(Q43),ISNUMBER(R43),ISNUMBER(S43),ISNUMBER(T43),ISNUMBER(U43),N43>0,O43>0),S43-R43,"") -> 0.9377 | X43: =IF(AND(ISNUMBER(N43),ISNUMBER(O43),ISNUMBER(P43),ISNUMBER(Q43),ISNUMBER(R43),ISNUMBER(S43),ISNUMBER(T43),ISNUMBER(U43),N43>0,O43>0),U43-T43,"") -> 0.5242 | Y43: =IF(AND(ISNUMBER(N43),ISNUMBER(O43),ISNUMBER(P43),ISNUMBER(Q43),ISNUMBER(R43),ISNUMBER(S43),ISNUMBER(T43),ISNUMBER(U43),N43>0,O43>0),Q43-P43,"") -> -0.1172 | Z43: =IF(AND(ISNUMBER(N43),ISNUMBER(O43),ISNUMBER(P43),ISNUMBER(Q43),ISNUMBER(R43),ISNUMBER(S43),ISNUMBER(T43),ISNUMBER(U43),N43>0,O43>0),MIN((INT(N43)*3+ROUND(MOD(N43,1)*10,0))/3,(INT(O43)*3+ROUND(MOD(O43,1)*10,0))/3),"") -> 61.666667 | AA43: =IF(ISNUMBER(Z43),W43*Z43,"") -> 57.824833 | AB43: =IF(ISNUMBER(Z43),X43*Z43,"") -> 32.325667 | AC43: =IF(ISNUMBER(Z43),Y43*Z43,"") -> -7.2273333
A44: Brad Wieck | B44: 30 | C44: CHC | D44: P | E44: L | F44: United States | G44: 2022 | H44: 44762 | J44: 60 | K44: NULL | L44: 0 | M44: NULL | N44: 52.2 | O44: NULL | P44: 0.2455 | Q44: NULL | R44: 4.1013 | S44: NULL | T44: 3.9575 | U44: NULL | V44: 16390 | W44: =IF(AND(ISNUMBER(N44),ISNUMBER(O44),ISNUMBER(P44),ISNUMBER(Q44),ISNUMBER(R44),ISNUMBER(S44),ISNUMBER(T44),ISNUMBER(U44),N44>0,O44>0),S44-R44,"") | X44: =IF(AND(ISNUMBER(N44),ISNUMBER(O44),ISNUMBER(P44),ISNUMBER(Q44),ISNUMBER(R44),ISNUMBER(S44),ISNUMBER(T44),ISNUMBER(U44),N44>0,O44>0),U44-T44,"") | Y44: =IF(AND(ISNUMBER(N44),ISNUMBER(O44),ISNUMBER(P44),ISNUMBER(Q44),ISNUMBER(R44),ISNUMBER(S44),ISNUMBER(T44),ISNUMBER(U44),N44>0,O44>0),Q44-P44,"") | Z44: =IF(AND(ISNUMBER(N44),ISNUMBER(O44),ISNUMBER(P44),ISNUMBER(Q44),ISNUMBER(R44),ISNUMBER(S44),ISNUMBER(T44),ISNUMBER(U44),N44>0,O44>0),MIN((INT(N44)*3+ROUND(MOD(N44,1)*10,0))/3,(INT(O44)*3+ROUND(MOD(O44,1)*10,0))/3),"") | AA44: =IF(ISNUMBER(Z44),W44*Z44,"") | AB44: =IF(ISNUMBER(Z44),X44*Z44,"") | AC44: =IF(ISNUMBER(Z44),Y44*Z44,"")
A45: Vladimir Gutierrez | B45: 26 | C45: CIN | D45: P | E45: R | F45: Cuba | G45: 2022 | H45: 44762 | I45: 45382 | J45: 22 | K45: 1 | L45: 22 | M45: 0 | N45: 114 | O45: 4 | P45: 0.0847 | Q45: 0.1176 | R45: 4.7368 | S45: 6.75 | T45: 5.22 | U45: 5.92 | V45: 19278 | W45: =IF(AND(ISNUMBER(N45),ISNUMBER(O45),ISNUMBER(P45),ISNUMBER(Q45),ISNUMBER(R45),ISNUMBER(S45),ISNUMBER(T45),ISNUMBER(U45),N45>0,O45>0),S45-R45,"") -> 2.0132 | X45: =IF(AND(ISNUMBER(N45),ISNUMBER(O45),ISNUMBER(P45),ISNUMBER(Q45),ISNUMBER(R45),ISNUMBER(S45),ISNUMBER(T45),ISNUMBER(U45),N45>0,O45>0),U45-T45,"") -> 0.7 | Y45: =IF(AND(ISNUMBER(N45),ISNUMBER(O45),ISNUMBER(P45),ISNUMBER(Q45),ISNUMBER(R45),ISNUMBER(S45),ISNUMBER(T45),ISNUMBER(U45),N45>0,O45>0),Q45-P45,"") -> 0.0329 | Z45: =IF(AND(ISNUMBER(N45),ISNUMBER(O45),ISNUMBER(P45),ISNUMBER(Q45),ISNUMBER(R45),ISNUMBER(S45),ISNUMBER(T45),ISNUMBER(U45),N45>0,O45>0),MIN((INT(N45)*3+ROUND(MOD(N45,1)*10,0))/3,(INT(O45)*3+ROUND(MOD(O45,1)*10,0))/3),"") -> 4 | AA45: =IF(ISNUMBER(Z45),W45*Z45,"") -> 8.0528 | AB45: =IF(ISNUMBER(Z45),X45*Z45,"") -> 2.8 | AC45: =IF(ISNUMBER(Z45),Y45*Z45,"") -> 0.1316
A46: Andrew Kittredge | B46: 32 | C46: TB | D46: P | E46: R | F46: United States | G46: 2022 | H46: 44734 | I46: 45156 | J46: 102 | K46: 142 | L46: 12 | M46: 0 | N46: 129.1 | O46: 135.1 | P46: 0.2084 | Q46: 0.1982 | R46: 2.7835 | S46: 3.0591 | T46: 3.249 | U46: 3.5618 | V46: 12828 | W46: =IF(AND(ISNUMBER(N46),ISNUMBER(O46),ISNUMBER(P46),ISNUMBER(Q46),ISNUMBER(R46),ISNUMBER(S46),ISNUMBER(T46),ISNUMBER(U46),N46>0,O46>0),S46-R46,"") -> 0.2756 | X46: =IF(AND(ISNUMBER(N46),ISNUMBER(O46),ISNUMBER(P46),ISNUMBER(Q46),ISNUMBER(R46),ISNUMBER(S46),ISNUMBER(T46),ISNUMBER(U46),N46>0,O46>0),U46-T46,"") -> 0.3128 | Y46: =IF(AND(ISNUMBER(N46),ISNUMBER(O46),ISNUMBER(P46),ISNUMBER(Q46),ISNUMBER(R46),ISNUMBER(S46),ISNUMBER(T46),ISNUMBER(U46),N46>0,O46>0),Q46-P46,"") -> -0.0102 | Z46: =IF(AND(ISNUMBER(N46),ISNUMBER(O46),ISNUMBER(P46),ISNUMBER(Q46),ISNUMBER(R46),ISNUMBER(S46),ISNUMBER(T46),ISNUMBER(U46),N46>0,O46>0),MIN((INT(N46)*3+ROUND(MOD(N46,1)*10,0))/3,(INT(O46)*3+ROUND(MOD(O46,1)*10,0))/3),"") -> 129.33333 | AA46: =IF(ISNUMBER(Z46),W46*Z46,"") -> 35.644267 | AB46: =IF(ISNUMBER(Z46),X46*Z46,"") -> 40.455467 | AC46: =IF(ISNUMBER(Z46),Y46*Z46,"") -> -1.3192
A47: Hyun-Jin Ryu | B47: 35 | C47: TOR | D47: P | E47: L | F47: South Korea | G47: 2022 | H47: 44730 | I47: 45139 | W47: =IF(AND(ISNUMBER(N47),ISNUMBER(O47),ISNUMBER(P47),ISNUMBER(Q47),ISNUMBER(R47),ISNUMBER(S47),ISNUMBER(T47),ISNUMBER(U47),N47>0,O47>0),S47-R47,"") | X47: =IF(AND(ISNUMBER(N47),ISNUMBER(O47),ISNUMBER(P47),ISNUMBER(Q47),ISNUMBER(R47),ISNUMBER(S47),ISNUMBER(T47),ISNUMBER(U47),N47>0,O47>0),U47-T47,"") | Y47: =IF(AND(ISNUMBER(N47),ISNUMBER(O47),ISNUMBER(P47),ISNUMBER(Q47),ISNUMBER(R47),ISNUMBER(S47),ISNUMBER(T47),ISNUMBER(U47),N47>0,O47>0),Q47-P47,"") | Z47: =IF(AND(ISNUMBER(N47),ISNUMBER(O47),ISNUMBER(P47),ISNUMBER(Q47),ISNUMBER(R47),ISNUMBER(S47),ISNUMBER(T47),ISNUMBER(U47),N47>0,O47>0),MIN((INT(N47)*3+ROUND(MOD(N47,1)*10,0))/3,(INT(O47)*3+ROUND(MOD(O47,1)*10,0))/3),"") | AA47: =IF(ISNUMBER(Z47),W47*Z47,"") | AB47: =IF(ISNUMBER(Z47),X47*Z47,"") | AC47: =IF(ISNUMBER(Z47),Y47*Z47,"")
A48: Justin Wilson | B48: 34 | C48: CIN | D48: P | E48: L | F48: United States | G48: 2022 | H48: 44715 | I48: 45381 | J48: 110 | K48: 121 | L48: 0 | M48: 0 | N48: 92.2 | O48: 95 | P48: 0.1297 | Q48: 0.1803 | R48: 3.7878 | S48: 4.4526 | T48: 4.2207 | U48: 3.8244 | V48: 4301 | W48: =IF(AND(ISNUMBER(N48),ISNUMBER(O48),ISNUMBER(P48),ISNUMBER(Q48),ISNUMBER(R48),ISNUMBER(S48),ISNUMBER(T48),ISNUMBER(U48),N48>0,O48>0),S48-R48,"") -> 0.6648 | X48: =IF(AND(ISNUMBER(N48),ISNUMBER(O48),ISNUMBER(P48),ISNUMBER(Q48),ISNUMBER(R48),ISNUMBER(S48),ISNUMBER(T48),ISNUMBER(U48),N48>0,O48>0),U48-T48,"") -> -0.3963 | Y48: =IF(AND(ISNUMBER(N48),ISNUMBER(O48),ISNUMBER(P48),ISNUMBER(Q48),ISNUMBER(R48),ISNUMBER(S48),ISNUMBER(T48),ISNUMBER(U48),N48>0,O48>0),Q48-P48,"") -> 0.0506 | Z48: =IF(AND(ISNUMBER(N48),ISNUMBER(O48),ISNUMBER(P48),ISNUMBER(Q48),ISNUMBER(R48),ISNUMBER(S48),ISNUMBER(T48),ISNUMBER(U48),N48>0,O48>0),MIN((INT(N48)*3+ROUND(MOD(N48,1)*10,0))/3,(INT(O48)*3+ROUND(MOD(O48,1)*10,0))/3),"") -> 92.666667 | AA48: =IF(ISNUMBER(Z48),W48*Z48,"") -> 61.6048 | AB48: =IF(ISNUMBER(Z48),X48*Z48,"") -> -36.7238 | AC48: =IF(ISNUMBER(Z48),Y48*Z48,"") -> 4.6889333
A49: Max Kranick | B49: 24 | C49: PIT | D49: P | E49: R | F49: United States | G49: 2022 | H49: 44715 | I49: 45745 | J49: 9 | K49: 24 | L49: 9 | M49: 0 | N49: 38.2 | O49: 37 | P49: 0.0714 | Q49: 0.1351 | R49: 6.2845 | S49: 3.6486 | T49: 4.64 | U49: 3.95 | V49: 22175 | W49: =IF(AND(ISNUMBER(N49),ISNUMBER(O49),ISNUMBER(P49),ISNUMBER(Q49),ISNUMBER(R49),ISNUMBER(S49),ISNUMBER(T49),ISNUMBER(U49),N49>0,O49>0),S49-R49,"") -> -2.6359 | X49: =IF(AND(ISNUMBER(N49),ISNUMBER(O49),ISNUMBER(P49),ISNUMBER(Q49),ISNUMBER(R49),ISNUMBER(S49),ISNUMBER(T49),ISNUMBER(U49),N49>0,O49>0),U49-T49,"") -> -0.69 | Y49: =IF(AND(ISNUMBER(N49),ISNUMBER(O49),ISNUMBER(P49),ISNUMBER(Q49),ISNUMBER(R49),ISNUMBER(S49),ISNUMBER(T49),ISNUMBER(U49),N49>0,O49>0),Q49-P49,"") -> 0.0637 | Z49: =IF(AND(ISNUMBER(N49),ISNUMBER(O49),ISNUMBER(P49),ISNUMBER(Q49),ISNUMBER(R49),ISNUMBER(S49),ISNUMBER(T49),ISNUMBER(U49),N49>0,O49>0),MIN((INT(N49)*3+ROUND(MOD(N49,1)*10,0))/3,(INT(O49)*3+ROUND(MOD(O49,1)*10,0))/3),"") -> 37 | AA49: =IF(ISNUMBER(Z49),W49*Z49,"") -> -97.5283 | AB49: =IF(ISNUMBER(Z49),X49*Z49,"") -> -25.53 | AC49: =IF(ISNUMBER(Z49),Y49*Z49,"") -> 2.3569
A50: Chad Green | B50: 31 | C50: NYY | D50: P | E50: R | F50: United States | G50: 2022 | H50: 44713 | I50: 45170 | J50: 143 | K50: 110 | L50: 15 | M50: 0 | N50: 178.1 | O50: 109 | P50: 0.2606 | Q50: 0.146 | R50: 3.5832 | S50: 4.3761 | T50: 3.5767 | U50: 5.0891 | V50: 15552 | W50: =IF(AND(ISNUMBER(N50),ISNUMBER(O50),ISNUMBER(P50),ISNUMBER(Q50),ISNUMBER(R50),ISNUMBER(S50),ISNUMBER(T50),ISNUMBER(U50),N50>0,O50>0),S50-R50,"") -> 0.7929 | X50: =IF(AND(ISNUMBER(N50),ISNUMBER(O50),ISNUMBER(P50),ISNUMBER(Q50),ISNUMBER(R50),ISNUMBER(S50),ISNUMBER(T50),ISNUMBER(U50),N50>0,O50>0),U50-T50,"") -> 1.5124 | Y50: =IF(AND(ISNUMBER(N50),ISNUMBER(O50),ISNUMBER(P50),ISNUMBER(Q50),ISNUMBER(R50),ISNUMBER(S50),ISNUMBER(T50),ISNUMBER(U50),N50>0,O50>0),Q50-P50,"") -> -0.1146 | Z50: =IF(AND(ISNUMBER(N50),ISNUMBER(O50),ISNUMBER(P50),ISNUMBER(Q50),ISNUMBER(R50),ISNUMBER(S50),ISNUMBER(T50),ISNUMBER(U50),N50>0,O50>0),MIN((INT(N50)*3+ROUND(MOD(N50,1)*10,0))/3,(INT(O50)*3+ROUND(MOD(O50,1)*10,0))/3),"") -> 109 | AA50: =IF(ISNUMBER(Z50),W50*Z50,"") -> 86.4261 | AB50: =IF(ISNUMBER(Z50),X50*Z50,"") -> 164.8516 | AC50: =IF(ISNUMBER(Z50),Y50*Z50,"") -> -12.4914
A51: Chris Paddack | B51: 26 | C51: MIN | D51: P | E51: R | F51: United States | G51: 2022 | H51: 44699 | I51: 45193 | J51: 61 | K51: 52 | L51: 60 | M51: 45 | N51: 308 | O51: 251.1 | P51: 0.1926 | Q51: 0.1301 | R51: 4.2078 | S51: 5.2281 | T51: 4.0952 | U51: 4.696 | V51: 20099 | W51: =IF(AND(ISNUMBER(N51),ISNUMBER(O51),ISNUMBER(P51),ISNUMBER(Q51),ISNUMBER(R51),ISNUMBER(S51),ISNUMBER(T51),ISNUMBER(U51),N51>0,O51>0),S51-R51,"") -> 1.0203 | X51: =IF(AND(ISNUMBER(N51),ISNUMBER(O51),ISNUMBER(P51),ISNUMBER(Q51),ISNUMBER(R51),ISNUMBER(S51),ISNUMBER(T51),ISNUMBER(U51),N51>0,O51>0),U51-T51,"") -> 0.6008 | Y51: =IF(AND(ISNUMBER(N51),ISNUMBER(O51),ISNUMBER(P51),ISNUMBER(Q51),ISNUMBER(R51),ISNUMBER(S51),ISNUMBER(T51),ISNUMBER(U51),N51>0,O51>0),Q51-P51,"") -> -0.0625 | Z51: =IF(AND(ISNUMBER(N51),ISNUMBER(O51),ISNUMBER(P51),ISNUMBER(Q51),ISNUMBER(R51),ISNUMBER(S51),ISNUMBER(T51),ISNUMBER(U51),N51>0,O51>0),MIN((INT(N51)*3+ROUND(MOD(N51,1)*10,0))/3,(INT(O51)*3+ROUND(MOD(O51,1)*10,0))/3),"") -> 251.33333 | AA51: =IF(ISNUMBER(Z51),W51*Z51,"") -> 256.4354 | AB51: =IF(ISNUMBER(Z51),X51*Z51,"") -> 151.00107 | AC51: =IF(ISNUMBER(Z51),Y51*Z51,"") -> -15.708333
A52: Sean Reid-Foley | B52: 26 | C52: NYM | D52: P | E52: R | F52: United States | G52: 2022 | H52: 44692 | I52: 45161 | J52: 26 | K52: 31 | L52: 6 | M52: 0 | N52: 59 | O52: 29.1 | P52: 0.0882 | Q52: 0.1694 | R52: 4.2712 | S52: 2.1477 | T52: 4.8593 | U52: 2.4419 | V52: 17034 | W52: =IF(AND(ISNUMBER(N52),ISNUMBER(O52),ISNUMBER(P52),ISNUMBER(Q52),ISNUMBER(R52),ISNUMBER(S52),ISNUMBER(T52),ISNUMBER(U52),N52>0,O52>0),S52-R52,"") -> -2.1235 | X52: =IF(AND(ISNUMBER(N52),ISNUMBER(O52),ISNUMBER(P52),ISNUMBER(Q52),ISNUMBER(R52),ISNUMBER(S52),ISNUMBER(T52),ISNUMBER(U52),N52>0,O52>0),U52-T52,"") -> -2.4174 | Y52: =IF(AND(ISNUMBER(N52),ISNUMBER(O52),ISNUMBER(P52),ISNUMBER(Q52),ISNUMBER(R52),ISNUMBER(S52),ISNUMBER(T52),ISNUMBER(U52),N52>0,O52>0),Q52-P52,"") -> 0.0812 | Z52: =IF(AND(ISNUMBER(N52),ISNUMBER(O52),ISNUMBER(P52),ISNUMBER(Q52),ISNUMBER(R52),ISNUMBER(S52),ISNUMBER(T52),ISNUMBER(U52),N52>0,O52>0),MIN((INT(N52)*3+ROUND(MOD(N52,1)*10,0))/3,(INT(O52)*3+ROUND(MOD(O52,1)*10,0))/3),"") -> 29.333333 | AA52: =IF(ISNUMBER(Z52),W52*Z52,"") -> -62.289333 | AB52: =IF(ISNUMBER(Z52),X52*Z52,"") -> -70.9104 | AC52: =IF(ISNUMBER(Z52),Y52*Z52,"") -> 2.3818667
A53: John Means | B53: 29 | C53: BAL | D53: P | E53: L | F53: United States | G53: 2022 | H53: 44678 | I53: 45181 | J53: 67 | K53: 8 | L53: 63 | M53: 8 | N53: 345.1 | O53: 44.1 | P53: 0.1611 | Q53: 0.119 | R53: 3.7268 | S53: 2.6391 | T53: 4.6497 | U53: 4.3403 | V53: 16269 | W53: =IF(AND(ISNUMBER(N53),ISNUMBER(O53),ISNUMBER(P53),ISNUMBER(Q53),ISNUMBER(R53),ISNUMBER(S53),ISNUMBER(T53),ISNUMBER(U53),N53>0,O53>0),S53-R53,"") -> -1.0877 | X53: =IF(AND(ISNUMBER(N53),ISNUMBER(O53),ISNUMBER(P53),ISNUMBER(Q53),ISNUMBER(R53),ISNUMBER(S53),ISNUMBER(T53),ISNUMBER(U53),N53>0,O53>0),U53-T53,"") -> -0.3094 | Y53: =IF(AND(ISNUMBER(N53),ISNUMBER(O53),ISNUMBER(P53),ISNUMBER(Q53),ISNUMBER(R53),ISNUMBER(S53),ISNUMBER(T53),ISNUMBER(U53),N53>0,O53>0),Q53-P53,"") -> -0.0421 | Z53: =IF(AND(ISNUMBER(N53),ISNUMBER(O53),ISNUMBER(P53),ISNUMBER(Q53),ISNUMBER(R53),ISNUMBER(S53),ISNUMBER(T53),ISNUMBER(U53),N53>0,O53>0),MIN((INT(N53)*3+ROUND(MOD(N53,1)*10,0))/3,(INT(O53)*3+ROUND(MOD(O53,1)*10,0))/3),"") -> 44.333333 | AA53: =IF(ISNUMBER(Z53),W53*Z53,"") -> -48.221367 | AB53: =IF(ISNUMBER(Z53),X53*Z53,"") -> -13.716733 | AC53: =IF(ISNUMBER(Z53),Y53*Z53,"") -> -1.8664333
A54: Luke Jackson | B54: 30 | C54: ATL | D54: P | E54: R | F54: United States | G54: 2022 | H54: 44664 | I54: 45077 | J54: 160 | K54: 137 | L54: 0 | M54: 0 | N54: 162.2 | O54: 137.1 | P54: 0.1808 | Q54: 0.1189 | R54: 3.5963 | S54: 4.1942 | T54: 3.5873 | U54: 4.1023 | V54: 11752 | W54: =IF(AND(ISNUMBER(N54),ISNUMBER(O54),ISNUMBER(P54),ISNUMBER(Q54),ISNUMBER(R54),ISNUMBER(S54),ISNUMBER(T54),ISNUMBER(U54),N54>0,O54>0),S54-R54,"") -> 0.5979 | X54: =IF(AND(ISNUMBER(N54),ISNUMBER(O54),ISNUMBER(P54),ISNUMBER(Q54),ISNUMBER(R54),ISNUMBER(S54),ISNUMBER(T54),ISNUMBER(U54),N54>0,O54>0),U54-T54,"") -> 0.515 | Y54: =IF(AND(ISNUMBER(N54),ISNUMBER(O54),ISNUMBER(P54),ISNUMBER(Q54),ISNUMBER(R54),ISNUMBER(S54),ISNUMBER(T54),ISNUMBER(U54),N54>0,O54>0),Q54-P54,"") -> -0.0619 | Z54: =IF(AND(ISNUMBER(N54),ISNUMBER(O54),ISNUMBER(P54),ISNUMBER(Q54),ISNUMBER(R54),ISNUMBER(S54),ISNUMBER(T54),ISNUMBER(U54),N54>0,O54>0),MIN((INT(N54)*3+ROUND(MOD(N54,1)*10,0))/3,(INT(O54)*3+ROUND(MOD(O54,1)*10,0))/3),"") -> 137.33333 | AA54: =IF(ISNUMBER(Z54),W54*Z54,"") -> 82.1116 | AB54: =IF(ISNUMBER(Z54),X54*Z54,"") -> 70.726667 | AC54: =IF(ISNUMBER(Z54),Y54*Z54,"") -> -8.5009333
A55: Deolis Guerra | B55: 33 | C55: OAK | D55: P | E55: R | F55: Venezuela | G55: 2022 | H55: 44664 | J55: 63 | K55: NULL | L55: 0 | M55: NULL | N55: 73.2 | O55: NULL | P55: 0.1543 | Q55: NULL | R55: 5.009 | S55: NULL | T55: 4.5279 | U55: NULL | V55: 8410 | W55: =IF(AND(ISNUMBER(N55),ISNUMBER(O55),ISNUMBER(P55),ISNUMBER(Q55),ISNUMBER(R55),ISNUMBER(S55),ISNUMBER(T55),ISNUMBER(U55),N55>0,O55>0),S55-R55,"") | X55: =IF(AND(ISNUMBER(N55),ISNUMBER(O55),ISNUMBER(P55),ISNUMBER(Q55),ISNUMBER(R55),ISNUMBER(S55),ISNUMBER(T55),ISNUMBER(U55),N55>0,O55>0),U55-T55,"") | Y55: =IF(AND(ISNUMBER(N55),ISNUMBER(O55),ISNUMBER(P55),ISNUMBER(Q55),ISNUMBER(R55),ISNUMBER(S55),ISNUMBER(T55),ISNUMBER(U55),N55>0,O55>0),Q55-P55,"") | Z55: =IF(AND(ISNUMBER(N55),ISNUMBER(O55),ISNUMBER(P55),ISNUMBER(Q55),ISNUMBER(R55),ISNUMBER(S55),ISNUMBER(T55),ISNUMBER(U55),N55>0,O55>0),MIN((INT(N55)*3+ROUND(MOD(N55,1)*10,0))/3,(INT(O55)*3+ROUND(MOD(O55,1)*10,0))/3),"") | AA55: =IF(ISNUMBER(Z55),W55*Z55,"") | AB55: =IF(ISNUMBER(Z55),X55*Z55,"") | AC55: =IF(ISNUMBER(Z55),Y55*Z55,"")
A56: Sean Guenther | B56: 26 | C56: MIA | D56: P | E56: L | F56: United States | G56: 2022 | H56: 44658 | I56: 45505 | J56: 14 | K56: 26 | L56: 0 | M56: 1 | N56: 20.1 | O56: 31.1 | P56: 0.0485 | Q56: 0.1121 | R56: 9.2951 | S56: 2.2979 | T56: 4.1 | U56: 2.7384 | V56: 20045 | W56: =IF(AND(ISNUMBER(N56),ISNUMBER(O56),ISNUMBER(P56),ISNUMBER(Q56),ISNUMBER(R56),ISNUMBER(S56),ISNUMBER(T56),ISNUMBER(U56),N56>0,O56>0),S56-R56,"") -> -6.9972 | X56: =IF(AND(ISNUMBER(N56),ISNUMBER(O56),ISNUMBER(P56),ISNUMBER(Q56),ISNUMBER(R56),ISNUMBER(S56),ISNUMBER(T56),ISNUMBER(U56),N56>0,O56>0),U56-T56,"") -> -1.3616 | Y56: =IF(AND(ISNUMBER(N56),ISNUMBER(O56),ISNUMBER(P56),ISNUMBER(Q56),ISNUMBER(R56),ISNUMBER(S56),ISNUMBER(T56),ISNUMBER(U56),N56>0,O56>0),Q56-P56,"") -> 0.0636 | Z56: =IF(AND(ISNUMBER(N56),ISNUMBER(O56),ISNUMBER(P56),ISNUMBER(Q56),ISNUMBER(R56),ISNUMBER(S56),ISNUMBER(T56),ISNUMBER(U56),N56>0,O56>0),MIN((INT(N56)*3+ROUND(MOD(N56,1)*10,0))/3,(INT(O56)*3+ROUND(MOD(O56,1)*10,0))/3),"") -> 20.333333 | AA56: =IF(ISNUMBER(Z56),W56*Z56,"") -> -142.2764 | AB56: =IF(ISNUMBER(Z56),X56*Z56,"") -> -27.685867 | AC56: =IF(ISNUMBER(Z56),Y56*Z56,"") -> 1.2932
A57: Garrett Crochet | B57: 23 | C57: CHW | D57: P | E57: L | F57: United States | G57: 2022 | H57: 44656 | I57: 45064 | J57: 59 | K57: 77 | L57: 0 | M57: 64 | N57: 60.1 | O57: 364 | P57: 0.1825 | Q57: 0.2607 | R57: 2.5359 | S57: 3.0165 | T57: 2.623 | U57: 2.9076 | V57: 27463 | W57: =IF(AND(ISNUMBER(N57),ISNUMBER(O57),ISNUMBER(P57),ISNUMBER(Q57),ISNUMBER(R57),ISNUMBER(S57),ISNUMBER(T57),ISNUMBER(U57),N57>0,O57>0),S57-R57,"") -> 0.4806 | X57: =IF(AND(ISNUMBER(N57),ISNUMBER(O57),ISNUMBER(P57),ISNUMBER(Q57),ISNUMBER(R57),ISNUMBER(S57),ISNUMBER(T57),ISNUMBER(U57),N57>0,O57>0),U57-T57,"") -> 0.2846 | Y57: =IF(AND(ISNUMBER(N57),ISNUMBER(O57),ISNUMBER(P57),ISNUMBER(Q57),ISNUMBER(R57),ISNUMBER(S57),ISNUMBER(T57),ISNUMBER(U57),N57>0,O57>0),Q57-P57,"") -> 0.0782 | Z57: =IF(AND(ISNUMBER(N57),ISNUMBER(O57),ISNUMBER(P57),ISNUMBER(Q57),ISNUMBER(R57),ISNUMBER(S57),ISNUMBER(T57),ISNUMBER(U57),N57>0,O57>0),MIN((INT(N57)*3+ROUND(MOD(N57,1)*10,0))/3,(INT(O57)*3+ROUND(MOD(O57,1)*10,0))/3),"") -> 60.333333 | AA57: =IF(ISNUMBER(Z57),W57*Z57,"") -> 28.9962 | AB57: =IF(ISNUMBER(Z57),X57*Z57,"") -> 17.170867 | AC57: =IF(ISNUMBER(Z57),Y57*Z57,"") -> 4.7180667
A58: Codi Heuer | B58: 25 | C58: CHC | D58: P | E58: R | F58: United States | G58: 2022 | H58: 44627 | I58: 45811 | J58: 86 | K58: 3 | L58: 0 | M58: 0 | N58: 91 | O58: 4.2 | P58: 0.1314 | Q58: 0.1429 | R58: 3.5604 | S58: 5.7857 | T58: 3.6579 | U58: 10.64 | V58: 23293 | W58: =IF(AND(ISNUMBER(N58),ISNUMBER(O58),ISNUMBER(P58),ISNUMBER(Q58),ISNUMBER(R58),ISNUMBER(S58),ISNUMBER(T58),ISNUMBER(U58),N58>0,O58>0),S58-R58,"") -> 2.2253 | X58: =IF(AND(ISNUMBER(N58),ISNUMBER(O58),ISNUMBER(P58),ISNUMBER(Q58),ISNUMBER(R58),ISNUMBER(S58),ISNUMBER(T58),ISNUMBER(U58),N58>0,O58>0),U58-T58,"") -> 6.9821 | Y58: =IF(AND(ISNUMBER(N58),ISNUMBER(O58),ISNUMBER(P58),ISNUMBER(Q58),ISNUMBER(R58),ISNUMBER(S58),ISNUMBER(T58),ISNUMBER(U58),N58>0,O58>0),Q58-P58,"") -> 0.0115 | Z58: =IF(AND(ISNUMBER(N58),ISNUMBER(O58),ISNUMBER(P58),ISNUMBER(Q58),ISNUMBER(R58),ISNUMBER(S58),ISNUMBER(T58),ISNUMBER(U58),N58>0,O58>0),MIN((INT(N58)*3+ROUND(MOD(N58,1)*10,0))/3,(INT(O58)*3+ROUND(MOD(O58,1)*10,0))/3),"") -> 4.6666667 | AA58: =IF(ISNUMBER(Z58),W58*Z58,"") -> 10.384733 | AB58: =IF(ISNUMBER(Z58),X58*Z58,"") -> 32.583133 | AC58: =IF(ISNUMBER(Z58),Y58*Z58,"") -> 0.053666667
A59: Evan Marshall | B59: 31 | C59: CHW | D59: P | E59: R | F59: United States | G59: 2021 | H59: 44523 | J59: 88 | K59: NULL | L59: 0 | M59: NULL | N59: 80.1 | O59: NULL | P59: 0.1327 | Q59: NULL | R59: 2.9129 | S59: NULL | T59: 3.5255 | U59: NULL | V59: 12297 | W59: =IF(AND(ISNUMBER(N59),ISNUMBER(O59),ISNUMBER(P59),ISNUMBER(Q59),ISNUMBER(R59),ISNUMBER(S59),ISNUMBER(T59),ISNUMBER(U59),N59>0,O59>0),S59-R59,"") | X59: =IF(AND(ISNUMBER(N59),ISNUMBER(O59),ISNUMBER(P59),ISNUMBER(Q59),ISNUMBER(R59),ISNUMBER(S59),ISNUMBER(T59),ISNUMBER(U59),N59>0,O59>0),U59-T59,"") | Y59: =IF(AND(ISNUMBER(N59),ISNUMBER(O59),ISNUMBER(P59),ISNUMBER(Q59),ISNUMBER(R59),ISNUMBER(S59),ISNUMBER(T59),ISNUMBER(U59),N59>0,O59>0),Q59-P59,"") | Z59: =IF(AND(ISNUMBER(N59),ISNUMBER(O59),ISNUMBER(P59),ISNUMBER(Q59),ISNUMBER(R59),ISNUMBER(S59),ISNUMBER(T59),ISNUMBER(U59),N59>0,O59>0),MIN((INT(N59)*3+ROUND(MOD(N59,1)*10,0))/3,(INT(O59)*3+ROUND(MOD(O59,1)*10,0))/3),"") | AA59: =IF(ISNUMBER(Z59),W59*Z59,"") | AB59: =IF(ISNUMBER(Z59),X59*Z59,"") | AC59: =IF(ISNUMBER(Z59),Y59*Z59,"")
A60: Richard Lovelady | B60: 25 | C60: KC | D60: P | E60: L | F60: United States | G60: 2021 | H60: 44468 | I60: 45032 | J60: 26 | K60: 62 | L60: 0 | M60: 0 | N60: 21 | O60: 57.2 | P60: 0.08 | Q60: 0.1193 | R60: 7.7143 | S60: 4.526 | T60: 4.8757 | U60: 4.1709 | V60: 19337 | W60: =IF(AND(ISNUMBER(N60),ISNUMBER(O60),ISNUMBER(P60),ISNUMBER(Q60),ISNUMBER(R60),ISNUMBER(S60),ISNUMBER(T60),ISNUMBER(U60),N60>0,O60>0),S60-R60,"") -> -3.1883 | X60: =IF(AND(ISNUMBER(N60),ISNUMBER(O60),ISNUMBER(P60),ISNUMBER(Q60),ISNUMBER(R60),ISNUMBER(S60),ISNUMBER(T60),ISNUMBER(U60),N60>0,O60>0),U60-T60,"") -> -0.7048 | Y60: =IF(AND(ISNUMBER(N60),ISNUMBER(O60),ISNUMBER(P60),ISNUMBER(Q60),ISNUMBER(R60),ISNUMBER(S60),ISNUMBER(T60),ISNUMBER(U60),N60>0,O60>0),Q60-P60,"") -> 0.0393 | Z60: =IF(AND(ISNUMBER(N60),ISNUMBER(O60),ISNUMBER(P60),ISNUMBER(Q60),ISNUMBER(R60),ISNUMBER(S60),ISNUMBER(T60),ISNUMBER(U60),N60>0,O60>0),MIN((INT(N60)*3+ROUND(MOD(N60,1)*10,0))/3,(INT(O60)*3+ROUND(MOD(O60,1)*10,0))/3),"") -> 21 | AA60: =IF(ISNUMBER(Z60),W60*Z60,"") -> -66.9543 | AB60: =IF(ISNUMBER(Z60),X60*Z60,"") -> -14.8008 | AC60: =IF(ISNUMBER(Z60),Y60*Z60,"") -> 0.8253
A61: John Curtiss | B61: 28 | C61: MIL | D61: P | E61: R | F61: United States | G61: 2021 | H61: 44440 | I61: 45016 | J61: 26 | K61: 18 | L61: 3 | M61: 0 | N61: 33.2 | O61: 22 | P61: 0.1631 | Q61: 0.0968 | R61: 2.6733 | S61: 5.7273 | T61: 3.4523 | U61: 5.7442 | V61: 16128 | W61: =IF(AND(ISNUMBER(N61),ISNUMBER(O61),ISNUMBER(P61),ISNUMBER(Q61),ISNUMBER(R61),ISNUMBER(S61),ISNUMBER(T61),ISNUMBER(U61),N61>0,O61>0),S61-R61,"") -> 3.054 | X61: =IF(AND(ISNUMBER(N61),ISNUMBER(O61),ISNUMBER(P61),ISNUMBER(Q61),ISNUMBER(R61),ISNUMBER(S61),ISNUMBER(T61),ISNUMBER(U61),N61>0,O61>0),U61-T61,"") -> 2.2919 | Y61: =IF(AND(ISNUMBER(N61),ISNUMBER(O61),ISNUMBER(P61),ISNUMBER(Q61),ISNUMBER(R61),ISNUMBER(S61),ISNUMBER(T61),ISNUMBER(U61),N61>0,O61>0),Q61-P61,"") -> -0.0663 | Z61: =IF(AND(ISNUMBER(N61),ISNUMBER(O61),ISNUMBER(P61),ISNUMBER(Q61),ISNUMBER(R61),ISNUMBER(S61),ISNUMBER(T61),ISNUMBER(U61),N61>0,O61>0),MIN((INT(N61)*3+ROUND(MOD(N61,1)*10,0))/3,(INT(O61)*3+ROUND(MOD(O61,1)*10,0))/3),"") -> 22 | AA61: =IF(ISNUMBER(Z61),W61*Z61,"") -> 67.188 | AB61: =IF(ISNUMBER(Z61),X61*Z61,"") -> 50.4218 | AC61: =IF(ISNUMBER(Z61),Y61*Z61,"") -> -1.4586
A62: Kenta Maeda | B62: 33 | C62: MIN | D62: P | E62: R | F62: Japan | G62: 2021 | H62: 44440 | I62: 45020 | J62: 87 | K62: 50 | L62: 57 | M62: 37 | N62: 345.2 | O62: 216.2 | P62: 0.2123 | Q62: 0.1687 | R62: 3.6972 | S62: 5.1923 | T62: 3.5021 | U62: 4.5074 | V62: 18498 | W62: =IF(AND(ISNUMBER(N62),ISNUMBER(O62),ISNUMBER(P62),ISNUMBER(Q62),ISNUMBER(R62),ISNUMBER(S62),ISNUMBER(T62),ISNUMBER(U62),N62>0,O62>0),S62-R62,"") -> 1.4951 | X62: =IF(AND(ISNUMBER(N62),ISNUMBER(O62),ISNUMBER(P62),ISNUMBER(Q62),ISNUMBER(R62),ISNUMBER(S62),ISNUMBER(T62),ISNUMBER(U62),N62>0,O62>0),U62-T62,"") -> 1.0053 | Y62: =IF(AND(ISNUMBER(N62),ISNUMBER(O62),ISNUMBER(P62),ISNUMBER(Q62),ISNUMBER(R62),ISNUMBER(S62),ISNUMBER(T62),ISNUMBER(U62),N62>0,O62>0),Q62-P62,"") -> -0.0436 | Z62: =IF(AND(ISNUMBER(N62),ISNUMBER(O62),ISNUMBER(P62),ISNUMBER(Q62),ISNUMBER(R62),ISNUMBER(S62),ISNUMBER(T62),ISNUMBER(U62),N62>0,O62>0),MIN((INT(N62)*3+ROUND(MOD(N62,1)*10,0))/3,(INT(O62)*3+ROUND(MOD(O62,1)*10,0))/3),"") -> 216.66667 | AA62: =IF(ISNUMBER(Z62),W62*Z62,"") -> 323.93833 | AB62: =IF(ISNUMBER(Z62),X62*Z62,"") -> 217.815 | AC62: =IF(ISNUMBER(Z62),Y62*Z62,"") -> -9.4466667
A63: John Axford | B63: 38 | C63: MIL | D63: P | E63: R | F63: Canada | G63: 2021 | H63: 44440 | J63: 50 | K63: NULL | L63: 1 | M63: NULL | N63: 54.2 | O63: NULL | P63: 0.1373 | Q63: NULL | R63: 5.2683 | S63: NULL | T63: 3.98 | U63: NULL | V63: 9059 | W63: =IF(AND(ISNUMBER(N63),ISNUMBER(O63),ISNUMBER(P63),ISNUMBER(Q63),ISNUMBER(R63),ISNUMBER(S63),ISNUMBER(T63),ISNUMBER(U63),N63>0,O63>0),S63-R63,"") | X63: =IF(AND(ISNUMBER(N63),ISNUMBER(O63),ISNUMBER(P63),ISNUMBER(Q63),ISNUMBER(R63),ISNUMBER(S63),ISNUMBER(T63),ISNUMBER(U63),N63>0,O63>0),U63-T63,"") | Y63: =IF(AND(ISNUMBER(N63),ISNUMBER(O63),ISNUMBER(P63),ISNUMBER(Q63),ISNUMBER(R63),ISNUMBER(S63),ISNUMBER(T63),ISNUMBER(U63),N63>0,O63>0),Q63-P63,"") | Z63: =IF(AND(ISNUMBER(N63),ISNUMBER(O63),ISNUMBER(P63),ISNUMBER(Q63),ISNUMBER(R63),ISNUMBER(S63),ISNUMBER(T63),ISNUMBER(U63),N63>0,O63>0),MIN((INT(N63)*3+ROUND(MOD(N63,1)*10,0))/3,(INT(O63)*3+ROUND(MOD(O63,1)*10,0))/3),"") | AA63: =IF(ISNUMBER(Z63),W63*Z63,"") | AB63: =IF(ISNUMBER(Z63),X63*Z63,"") | AC63: =IF(ISNUMBER(Z63),Y63*Z63,"")
A64: Tejay Antone | B64: 27 | C64: CIN | D64: P | E64: R | F64: United States | G64: 2021 | H64: 44435 | I64: 45171 | J64: 13 | K64: 9 | L64: 4 | M64: 1 | N64: 35.1 | O64: 7.2 | P64: 0.2057 | Q64: 0.0938 | R64: 2.8019 | S64: 2.3478 | T64: 3.64 | U64: 3.2304 | V64: 16233 | W64: =IF(AND(ISNUMBER(N64),ISNUMBER(O64),ISNUMBER(P64),ISNUMBER(Q64),ISNUMBER(R64),ISNUMBER(S64),ISNUMBER(T64),ISNUMBER(U64),N64>0,O64>0),S64-R64,"") -> -0.4541 | X64: =IF(AND(ISNUMBER(N64),ISNUMBER(O64),ISNUMBER(P64),ISNUMBER(Q64),ISNUMBER(R64),ISNUMBER(S64),ISNUMBER(T64),ISNUMBER(U64),N64>0,O64>0),U64-T64,"") -> -0.4096 | Y64: =IF(AND(ISNUMBER(N64),ISNUMBER(O64),ISNUMBER(P64),ISNUMBER(Q64),ISNUMBER(R64),ISNUMBER(S64),ISNUMBER(T64),ISNUMBER(U64),N64>0,O64>0),Q64-P64,"") -> -0.1119 | Z64: =IF(AND(ISNUMBER(N64),ISNUMBER(O64),ISNUMBER(P64),ISNUMBER(Q64),ISNUMBER(R64),ISNUMBER(S64),ISNUMBER(T64),ISNUMBER(U64),N64>0,O64>0),MIN((INT(N64)*3+ROUND(MOD(N64,1)*10,0))/3,(INT(O64)*3+ROUND(MOD(O64,1)*10,0))/3),"") -> 7.6666667 | AA64: =IF(ISNUMBER(Z64),W64*Z64,"") -> -3.4814333 | AB64: =IF(ISNUMBER(Z64),X64*Z64,"") -> -3.1402667 | AC64: =IF(ISNUMBER(Z64),Y64*Z64,"") -> -0.8579
A65: Tyler Glasnow | B65: 27 | C65: TB | D65: P | E65: R | F65: United States | G65: 2021 | H65: 44412 | I65: 44832 | J65: 68 | K65: 45 | L65: 34 | M65: 45 | N65: 229.2 | O65: 260.2 | P65: 0.2286 | Q65: 0.2575 | R65: 3.566 | S65: 3.4527 | T65: 3.4555 | U65: 2.9061 | V65: 14374 | W65: =IF(AND(ISNUMBER(N65),ISNUMBER(O65),ISNUMBER(P65),ISNUMBER(Q65),ISNUMBER(R65),ISNUMBER(S65),ISNUMBER(T65),ISNUMBER(U65),N65>0,O65>0),S65-R65,"") -> -0.1133 | X65: =IF(AND(ISNUMBER(N65),ISNUMBER(O65),ISNUMBER(P65),ISNUMBER(Q65),ISNUMBER(R65),ISNUMBER(S65),ISNUMBER(T65),ISNUMBER(U65),N65>0,O65>0),U65-T65,"") -> -0.5494 | Y65: =IF(AND(ISNUMBER(N65),ISNUMBER(O65),ISNUMBER(P65),ISNUMBER(Q65),ISNUMBER(R65),ISNUMBER(S65),ISNUMBER(T65),ISNUMBER(U65),N65>0,O65>0),Q65-P65,"") -> 0.0289 | Z65: =IF(AND(ISNUMBER(N65),ISNUMBER(O65),ISNUMBER(P65),ISNUMBER(Q65),ISNUMBER(R65),ISNUMBER(S65),ISNUMBER(T65),ISNUMBER(U65),N65>0,O65>0),MIN((INT(N65)*3+ROUND(MOD(N65,1)*10,0))/3,(INT(O65)*3+ROUND(MOD(O65,1)*10,0))/3),"") -> 229.66667 | AA65: =IF(ISNUMBER(Z65),W65*Z65,"") -> -26.021233 | AB65: =IF(ISNUMBER(Z65),X65*Z65,"") -> -126.17887 | AC65: =IF(ISNUMBER(Z65),Y65*Z65,"") -> 6.6373667
A66: Jimmy Nelson | B66: 32 | C66: LAD | D66: P | E66: R | F66: United States | G66: 2021 | H66: 44409 | J66: 10 | K66: NULL | L66: 3 | M66: NULL | N66: 22 | O66: NULL | P66: 0.0857 | Q66: NULL | R66: 6.9545 | S66: NULL | T66: 5.8 | U66: NULL | V66: 10547 | W66: =IF(AND(ISNUMBER(N66),ISNUMBER(O66),ISNUMBER(P66),ISNUMBER(Q66),ISNUMBER(R66),ISNUMBER(S66),ISNUMBER(T66),ISNUMBER(U66),N66>0,O66>0),S66-R66,"") | X66: =IF(AND(ISNUMBER(N66),ISNUMBER(O66),ISNUMBER(P66),ISNUMBER(Q66),ISNUMBER(R66),ISNUMBER(S66),ISNUMBER(T66),ISNUMBER(U66),N66>0,O66>0),U66-T66,"") | Y66: =IF(AND(ISNUMBER(N66),ISNUMBER(O66),ISNUMBER(P66),ISNUMBER(Q66),ISNUMBER(R66),ISNUMBER(S66),ISNUMBER(T66),ISNUMBER(U66),N66>0,O66>0),Q66-P66,"") | Z66: =IF(AND(ISNUMBER(N66),ISNUMBER(O66),ISNUMBER(P66),ISNUMBER(Q66),ISNUMBER(R66),ISNUMBER(S66),ISNUMBER(T66),ISNUMBER(U66),N66>0,O66>0),MIN((INT(N66)*3+ROUND(MOD(N66,1)*10,0))/3,(INT(O66)*3+ROUND(MOD(O66,1)*10,0))/3),"") | AA66: =IF(ISNUMBER(Z66),W66*Z66,"") | AB66: =IF(ISNUMBER(Z66),X66*Z66,"") | AC66: =IF(ISNUMBER(Z66),Y66*Z66,"")
A67: Spencer Turnbull | B67: 28 | C67: DET | D67: P | E67: R | F67: United States | G67: 2021 | H67: 44406 | I67: 45017 | J67: 45 | K67: 24 | L67: 44 | M67: 14 | N67: 221.1 | O67: 85.1 | P67: 0.1241 | Q67: 0.1281 | R67: 4.5542 | S67: 4.3242 | T67: 3.7779 | U67: 4.4676 | V67: 16207 | W67: =IF(AND(ISNUMBER(N67),ISNUMBER(O67),ISNUMBER(P67),ISNUMBER(Q67),ISNUMBER(R67),ISNUMBER(S67),ISNUMBER(T67),ISNUMBER(U67),N67>0,O67>0),S67-R67,"") -> -0.23 | X67: =IF(AND(ISNUMBER(N67),ISNUMBER(O67),ISNUMBER(P67),ISNUMBER(Q67),ISNUMBER(R67),ISNUMBER(S67),ISNUMBER(T67),ISNUMBER(U67),N67>0,O67>0),U67-T67,"") -> 0.6897 | Y67: =IF(AND(ISNUMBER(N67),ISNUMBER(O67),ISNUMBER(P67),ISNUMBER(Q67),ISNUMBER(R67),ISNUMBER(S67),ISNUMBER(T67),ISNUMBER(U67),N67>0,O67>0),Q67-P67,"") -> 0.004 | Z67: =IF(AND(ISNUMBER(N67),ISNUMBER(O67),ISNUMBER(P67),ISNUMBER(Q67),ISNUMBER(R67),ISNUMBER(S67),ISNUMBER(T67),ISNUMBER(U67),N67>0,O67>0),MIN((INT(N67)*3+ROUND(MOD(N67,1)*10,0))/3,(INT(O67)*3+ROUND(MOD(O67,1)*10,0))/3),"") -> 85.333333 | AA67: =IF(ISNUMBER(Z67),W67*Z67,"") -> -19.626667 | AB67: =IF(ISNUMBER(Z67),X67*Z67,"") -> 58.8544 | AC67: =IF(ISNUMBER(Z67),Y67*Z67,"") -> 0.34133333
A68: Dan Altavilla | B68: 28 | C68: SD | D68: P | E68: R | F68: United States | G68: 2021 | H68: 44376 | I68: 45453 | J68: 61 | K68: 5 | L68: 0 | M68: 1 | N68: 55.2 | O68: 3.2 | P68: 0.1092 | Q68: 0.0952 | R68: 4.5269 | S68: 14.7273 | T68: 4.4613 | U68: 7.26 | V68: 16507 | W68: =IF(AND(ISNUMBER(N68),ISNUMBER(O68),ISNUMBER(P68),ISNUMBER(Q68),ISNUMBER(R68),ISNUMBER(S68),ISNUMBER(T68),ISNUMBER(U68),N68>0,O68>0),S68-R68,"") -> 10.2004 | X68: =IF(AND(ISNUMBER(N68),ISNUMBER(O68),ISNUMBER(P68),ISNUMBER(Q68),ISNUMBER(R68),ISNUMBER(S68),ISNUMBER(T68),ISNUMBER(U68),N68>0,O68>0),U68-T68,"") -> 2.7987 | Y68: =IF(AND(ISNUMBER(N68),ISNUMBER(O68),ISNUMBER(P68),ISNUMBER(Q68),ISNUMBER(R68),ISNUMBER(S68),ISNUMBER(T68),ISNUMBER(U68),N68>0,O68>0),Q68-P68,"") -> -0.014 | Z68: =IF(AND(ISNUMBER(N68),ISNUMBER(O68),ISNUMBER(P68),ISNUMBER(Q68),ISNUMBER(R68),ISNUMBER(S68),ISNUMBER(T68),ISNUMBER(U68),N68>0,O68>0),MIN((INT(N68)*3+ROUND(MOD(N68,1)*10,0))/3,(INT(O68)*3+ROUND(MOD(O68,1)*10,0))/3),"") -> 3.6666667 | AA68: =IF(ISNUMBER(Z68),W68*Z68,"") -> 37.401467 | AB68: =IF(ISNUMBER(Z68),X68*Z68,"") -> 10.2619 | AC68: =IF(ISNUMBER(Z68),Y68*Z68,"") -> -0.051333333
A69: Joey Lucchesi | B69: 28 | C69: NYM | D69: P | E69: L | F69: United States | G69: 2021 | H69: 44371 | I69: 45037 | J69: 59 | K69: 11 | L69: 58 | M69: 11 | N69: 299.1 | O69: 57 | P69: 0.1635 | Q69: 0.0581 | R69: 4.2094 | S69: 3.3158 | T69: 4.2088 | U69: 4.4321 | V69: 19320 | W69: =IF(AND(ISNUMBER(N69),ISNUMBER(O69),ISNUMBER(P69),ISNUMBER(Q69),ISNUMBER(R69),ISNUMBER(S69),ISNUMBER(T69),ISNUMBER(U69),N69>0,O69>0),S69-R69,"") -> -0.8936 | X69: =IF(AND(ISNUMBER(N69),ISNUMBER(O69),ISNUMBER(P69),ISNUMBER(Q69),ISNUMBER(R69),ISNUMBER(S69),ISNUMBER(T69),ISNUMBER(U69),N69>0,O69>0),U69-T69,"") -> 0.2233 | Y69: =IF(AND(ISNUMBER(N69),ISNUMBER(O69),ISNUMBER(P69),ISNUMBER(Q69),ISNUMBER(R69),ISNUMBER(S69),ISNUMBER(T69),ISNUMBER(U69),N69>0,O69>0),Q69-P69,"") -> -0.1054 | Z69: =IF(AND(ISNUMBER(N69),ISNUMBER(O69),ISNUMBER(P69),ISNUMBER(Q69),ISNUMBER(R69),ISNUMBER(S69),ISNUMBER(T69),ISNUMBER(U69),N69>0,O69>0),MIN((INT(N69)*3+ROUND(MOD(N69,1)*10,0))/3,(INT(O69)*3+ROUND(MOD(O69,1)*10,0))/3),"") -> 57 | AA69: =IF(ISNUMBER(Z69),W69*Z69,"") -> -50.9352 | AB69: =IF(ISNUMBER(Z69),X69*Z69,"") -> 12.7281 | AC69: =IF(ISNUMBER(Z69),Y69*Z69,"") -> -6.0078
A70: Chris Devenski | B70: 30 | C70: ARI | D70: P | E70: R | F70: United States | G70: 2021 | H70: 44348 | I70: 44771 | J70: 115 | K70: 70 | L70: 2 | M70: 0 | N70: 120 | O70: 83.2 | P70: 0.1767 | Q70: 0.1436 | R70: 4.875 | S70: 5.9163 | T70: 4.6249 | U70: 5.1358 | V70: 12763 | W70: =IF(AND(ISNUMBER(N70),ISNUMBER(O70),ISNUMBER(P70),ISNUMBER(Q70),ISNUMBER(R70),ISNUMBER(S70),ISNUMBER(T70),ISNUMBER(U70),N70>0,O70>0),S70-R70,"") -> 1.0413 | X70: =IF(AND(ISNUMBER(N70),ISNUMBER(O70),ISNUMBER(P70),ISNUMBER(Q70),ISNUMBER(R70),ISNUMBER(S70),ISNUMBER(T70),ISNUMBER(U70),N70>0,O70>0),U70-T70,"") -> 0.5109 | Y70: =IF(AND(ISNUMBER(N70),ISNUMBER(O70),ISNUMBER(P70),ISNUMBER(Q70),ISNUMBER(R70),ISNUMBER(S70),ISNUMBER(T70),ISNUMBER(U70),N70>0,O70>0),Q70-P70,"") -> -0.0331 | Z70: =IF(AND(ISNUMBER(N70),ISNUMBER(O70),ISNUMBER(P70),ISNUMBER(Q70),ISNUMBER(R70),ISNUMBER(S70),ISNUMBER(T70),ISNUMBER(U70),N70>0,O70>0),MIN((INT(N70)*3+ROUND(MOD(N70,1)*10,0))/3,(INT(O70)*3+ROUND(MOD(O70,1)*10,0))/3),"") -> 83.666667 | AA70: =IF(ISNUMBER(Z70),W70*Z70,"") -> 87.1221 | AB70: =IF(ISNUMBER(Z70),X70*Z70,"") -> 42.7453 | AC70: =IF(ISNUMBER(Z70),Y70*Z70,"") -> -2.7693667
A71: JoJo Romero | B71: 24 | C71: PHI | D71: P | E71: L | F71: United States | G71: 2021 | H71: 44341 | I71: 44758 | J71: 12 | K71: 109 | L71: 0 | M71: 0 | N71: 10.2 | O71: 112 | P71: 0.1702 | Q71: 0.1619 | R71: 7.5938 | S71: 3.6964 | T71: 3.66 | U71: 3.7418 | V71: 19574 | W71: =IF(AND(ISNUMBER(N71),ISNUMBER(O71),ISNUMBER(P71),ISNUMBER(Q71),ISNUMBER(R71),ISNUMBER(S71),ISNUMBER(T71),ISNUMBER(U71),N71>0,O71>0),S71-R71,"") -> -3.8974 | X71: =IF(AND(ISNUMBER(N71),ISNUMBER(O71),ISNUMBER(P71),ISNUMBER(Q71),ISNUMBER(R71),ISNUMBER(S71),ISNUMBER(T71),ISNUMBER(U71),N71>0,O71>0),U71-T71,"") -> 0.0818 | Y71: =IF(AND(ISNUMBER(N71),ISNUMBER(O71),ISNUMBER(P71),ISNUMBER(Q71),ISNUMBER(R71),ISNUMBER(S71),ISNUMBER(T71),ISNUMBER(U71),N71>0,O71>0),Q71-P71,"") -> -0.0083 | Z71: =IF(AND(ISNUMBER(N71),ISNUMBER(O71),ISNUMBER(P71),ISNUMBER(Q71),ISNUMBER(R71),ISNUMBER(S71),ISNUMBER(T71),ISNUMBER(U71),N71>0,O71>0),MIN((INT(N71)*3+ROUND(MOD(N71,1)*10,0))/3,(INT(O71)*3+ROUND(MOD(O71,1)*10,0))/3),"") -> 10.666667 | AA71: =IF(ISNUMBER(Z71),W71*Z71,"") -> -41.572267 | AB71: =IF(ISNUMBER(Z71),X71*Z71,"") -> 0.87253333 | AC71: =IF(ISNUMBER(Z71),Y71*Z71,"") -> -0.088533333
A72: Keone Kela | B72: 28 | C72: SD | D72: P | E72: R | F72: United States | G72: 2021 | H72: 44335 | J72: 89 | K72: NULL | L72: 0 | M72: NULL | N72: 83.2 | O72: NULL | P72: 0.2082 | Q72: NULL | R72: 2.9044 | S72: NULL | T72: 3.2898 | U72: NULL | V72: 14696 | W72: =IF(AND(ISNUMBER(N72),ISNUMBER(O72),ISNUMBER(P72),ISNUMBER(Q72),ISNUMBER(R72),ISNUMBER(S72),ISNUMBER(T72),ISNUMBER(U72),N72>0,O72>0),S72-R72,"") | X72: =IF(AND(ISNUMBER(N72),ISNUMBER(O72),ISNUMBER(P72),ISNUMBER(Q72),ISNUMBER(R72),ISNUMBER(S72),ISNUMBER(T72),ISNUMBER(U72),N72>0,O72>0),U72-T72,"") | Y72: =IF(AND(ISNUMBER(N72),ISNUMBER(O72),ISNUMBER(P72),ISNUMBER(Q72),ISNUMBER(R72),ISNUMBER(S72),ISNUMBER(T72),ISNUMBER(U72),N72>0,O72>0),Q72-P72,"") | Z72: =IF(AND(ISNUMBER(N72),ISNUMBER(O72),ISNUMBER(P72),ISNUMBER(Q72),ISNUMBER(R72),ISNUMBER(S72),ISNUMBER(T72),ISNUMBER(U72),N72>0,O72>0),MIN((INT(N72)*3+ROUND(MOD(N72,1)*10,0))/3,(INT(O72)*3+ROUND(MOD(O72,1)*10,0))/3),"") | AA72: =IF(ISNUMBER(Z72),W72*Z72,"") | AB72: =IF(ISNUMBER(Z72),X72*Z72,"") | AC72: =IF(ISNUMBER(Z72),Y72*Z72,"")
A73: Dustin May | B73: 23 | C73: LAD | D73: P | E73: R | F73: United States | G73: 2021 | H73: 44328 | I73: 44793 | J73: 26 | K73: 15 | L73: 14 | M73: 15 | N73: 90.2 | O73: 78 | P73: 0.1507 | Q73: 0.1051 | R73: 2.9779 | S73: 3.3462 | T73: 3.9624 | U73: 3.6723 | V73: 19716 | W73: =IF(AND(ISNUMBER(N73),ISNUMBER(O73),ISNUMBER(P73),ISNUMBER(Q73),ISNUMBER(R73),ISNUMBER(S73),ISNUMBER(T73),ISNUMBER(U73),N73>0,O73>0),S73-R73,"") -> 0.3683 | X73: =IF(AND(ISNUMBER(N73),ISNUMBER(O73),ISNUMBER(P73),ISNUMBER(Q73),ISNUMBER(R73),ISNUMBER(S73),ISNUMBER(T73),ISNUMBER(U73),N73>0,O73>0),U73-T73,"") -> -0.2901 | Y73: =IF(AND(ISNUMBER(N73),ISNUMBER(O73),ISNUMBER(P73),ISNUMBER(Q73),ISNUMBER(R73),ISNUMBER(S73),ISNUMBER(T73),ISNUMBER(U73),N73>0,O73>0),Q73-P73,"") -> -0.0456 | Z73: =IF(AND(ISNUMBER(N73),ISNUMBER(O73),ISNUMBER(P73),ISNUMBER(Q73),ISNUMBER(R73),ISNUMBER(S73),ISNUMBER(T73),ISNUMBER(U73),N73>0,O73>0),MIN((INT(N73)*3+ROUND(MOD(N73,1)*10,0))/3,(INT(O73)*3+ROUND(MOD(O73,1)*10,0))/3),"") -> 78 | AA73: =IF(ISNUMBER(Z73),W73*Z73,"") -> 28.7274 | AB73: =IF(ISNUMBER(Z73),X73*Z73,"") -> -22.6278 | AC73: =IF(ISNUMBER(Z73),Y73*Z73,"") -> -3.5568
A74: Brock Stewart | B74: 29 | C74: LAD | D74: P | E74: R | F74: United States | G74: 2021 | H74: 44317 | I74: 45043 | J74: 22 | K74: 44 | L74: 2 | M74: 0 | N74: 43.1 | O74: 43.1 | P74: 0.0748 | Q74: 0.2273 | R74: 8.3077 | S74: 2.2846 | T74: 7.6931 | U74: 2.7848 | V74: 16727 | W74: =IF(AND(ISNUMBER(N74),ISNUMBER(O74),ISNUMBER(P74),ISNUMBER(Q74),ISNUMBER(R74),ISNUMBER(S74),ISNUMBER(T74),ISNUMBER(U74),N74>0,O74>0),S74-R74,"") -> -6.0231 | X74: =IF(AND(ISNUMBER(N74),ISNUMBER(O74),ISNUMBER(P74),ISNUMBER(Q74),ISNUMBER(R74),ISNUMBER(S74),ISNUMBER(T74),ISNUMBER(U74),N74>0,O74>0),U74-T74,"") -> -4.9083 | Y74: =IF(AND(ISNUMBER(N74),ISNUMBER(O74),ISNUMBER(P74),ISNUMBER(Q74),ISNUMBER(R74),ISNUMBER(S74),ISNUMBER(T74),ISNUMBER(U74),N74>0,O74>0),Q74-P74,"") -> 0.1525 | Z74: =IF(AND(ISNUMBER(N74),ISNUMBER(O74),ISNUMBER(P74),ISNUMBER(Q74),ISNUMBER(R74),ISNUMBER(S74),ISNUMBER(T74),ISNUMBER(U74),N74>0,O74>0),MIN((INT(N74)*3+ROUND(MOD(N74,1)*10,0))/3,(INT(O74)*3+ROUND(MOD(O74,1)*10,0))/3),"") -> 43.333333 | AA74: =IF(ISNUMBER(Z74),W74*Z74,"") -> -261.001 | AB74: =IF(ISNUMBER(Z74),X74*Z74,"") -> -212.693 | AC74: =IF(ISNUMBER(Z74),Y74*Z74,"") -> 6.6083333
A75: Ljay Newsome | B75: 24 | C75: SEA | D75: P | E75: R | F75: United States | G75: 2021 | H75: 44317 | J75: 5 | K75: NULL | L75: 4 | M75: NULL | N75: 15.2 | O75: NULL | P75: 0.1176 | Q75: NULL | R75: 5.1702 | S75: NULL | T75: 5.74 | U75: NULL | V75: 19942 | W75: =IF(AND(ISNUMBER(N75),ISNUMBER(O75),ISNUMBER(P75),ISNUMBER(Q75),ISNUMBER(R75),ISNUMBER(S75),ISNUMBER(T75),ISNUMBER(U75),N75>0,O75>0),S75-R75,"") | X75: =IF(AND(ISNUMBER(N75),ISNUMBER(O75),ISNUMBER(P75),ISNUMBER(Q75),ISNUMBER(R75),ISNUMBER(S75),ISNUMBER(T75),ISNUMBER(U75),N75>0,O75>0),U75-T75,"") | Y75: =IF(AND(ISNUMBER(N75),ISNUMBER(O75),ISNUMBER(P75),ISNUMBER(Q75),ISNUMBER(R75),ISNUMBER(S75),ISNUMBER(T75),ISNUMBER(U75),N75>0,O75>0),Q75-P75,"") | Z75: =IF(AND(ISNUMBER(N75),ISNUMBER(O75),ISNUMBER(P75),ISNUMBER(Q75),ISNUMBER(R75),ISNUMBER(S75),ISNUMBER(T75),ISNUMBER(U75),N75>0,O75>0),MIN((INT(N75)*3+ROUND(MOD(N75,1)*10,0))/3,(INT(O75)*3+ROUND(MOD(O75,1)*10,0))/3),"") | AA75: =IF(ISNUMBER(Z75),W75*Z75,"") | AB75: =IF(ISNUMBER(Z75),X75*Z75,"") | AC75: =IF(ISNUMBER(Z75),Y75*Z75,"")
A76: Luis Avilan | B76: 31 | C76: WAS | D76: P | E76: L | F76: Venezuela | G76: 2021 | H76: 44314 | J76: 125 | K76: NULL | L76: 0 | M76: NULL | N76: 85.2 | O76: NULL | P76: 0.1406 | Q76: NULL | R76: 4.3074 | S76: NULL | T76: 4.0667 | U76: NULL | V76: 2882 | W76: =IF(AND(ISNUMBER(N76),ISNUMBER(O76),ISNUMBER(P76),ISNUMBER(Q76),ISNUMBER(R76),ISNUMBER(S76),ISNUMBER(T76),ISNUMBER(U76),N76>0,O76>0),S76-R76,"") | X76: =IF(AND(ISNUMBER(N76),ISNUMBER(O76),ISNUMBER(P76),ISNUMBER(Q76),ISNUMBER(R76),ISNUMBER(S76),ISNUMBER(T76),ISNUMBER(U76),N76>0,O76>0),U76-T76,"") | Y76: =IF(AND(ISNUMBER(N76),ISNUMBER(O76),ISNUMBER(P76),ISNUMBER(Q76),ISNUMBER(R76),ISNUMBER(S76),ISNUMBER(T76),ISNUMBER(U76),N76>0,O76>0),Q76-P76,"") | Z76: =IF(AND(ISNUMBER(N76),ISNUMBER(O76),ISNUMBER(P76),ISNUMBER(Q76),ISNUMBER(R76),ISNUMBER(S76),ISNUMBER(T76),ISNUMBER(U76),N76>0,O76>0),MIN((INT(N76)*3+ROUND(MOD(N76,1)*10,0))/3,(INT(O76)*3+ROUND(MOD(O76,1)*10,0))/3),"") | AA76: =IF(ISNUMBER(Z76),W76*Z76,"") | AB76: =IF(ISNUMBER(Z76),X76*Z76,"") | AC76: =IF(ISNUMBER(Z76),Y76*Z76,"")
A77: Adrian Morejon | B77: 22 | C77: SD | D77: P | E77: L | F77: Cuba | G77: 2021 | H77: 44306 | I77: 44719 | J77: 14 | K77: 94 | L77: 6 | M77: 1 | N77: 27.1 | O77: 106.2 | P77: 0.2231 | Q77: 0.1575 | R77: 6.2561 | S77: 3.6281 | T77: 5.2802 | U77: 3.2893 | V77: 20039 | W77: =IF(AND(ISNUMBER(N77),ISNUMBER(O77),ISNUMBER(P77),ISNUMBER(Q77),ISNUMBER(R77),ISNUMBER(S77),ISNUMBER(T77),ISNUMBER(U77),N77>0,O77>0),S77-R77,"") -> -2.628 | X77: =IF(AND(ISNUMBER(N77),ISNUMBER(O77),ISNUMBER(P77),ISNUMBER(Q77),ISNUMBER(R77),ISNUMBER(S77),ISNUMBER(T77),ISNUMBER(U77),N77>0,O77>0),U77-T77,"") -> -1.9909 | Y77: =IF(AND(ISNUMBER(N77),ISNUMBER(O77),ISNUMBER(P77),ISNUMBER(Q77),ISNUMBER(R77),ISNUMBER(S77),ISNUMBER(T77),ISNUMBER(U77),N77>0,O77>0),Q77-P77,"") -> -0.0656 | Z77: =IF(AND(ISNUMBER(N77),ISNUMBER(O77),ISNUMBER(P77),ISNUMBER(Q77),ISNUMBER(R77),ISNUMBER(S77),ISNUMBER(T77),ISNUMBER(U77),N77>0,O77>0),MIN((INT(N77)*3+ROUND(MOD(N77,1)*10,0))/3,(INT(O77)*3+ROUND(MOD(O77,1)*10,0))/3),"") -> 27.333333 | AA77: =IF(ISNUMBER(Z77),W77*Z77,"") -> -71.832 | AB77: =IF(ISNUMBER(Z77),X77*Z77,"") -> -54.417933 | AC77: =IF(ISNUMBER(Z77),Y77*Z77,"") -> -1.7930667
A78: James Paxton | B78: 32 | C78: SEA | D78: P | E78: L | F78: Canada | G78: 2021 | H78: 44300 | I78: 45058 | J78: 62 | K78: 40 | L78: 62 | M78: 40 | N78: 331.1 | O78: 196.1 | P78: 0.231 | Q78: 0.1073 | R78: 3.9658 | S78: 4.4465 | T78: 3.5864 | U78: 4.7362 | V78: 11828 | W78: =IF(AND(ISNUMBER(N78),ISNUMBER(O78),ISNUMBER(P78),ISNUMBER(Q78),ISNUMBER(R78),ISNUMBER(S78),ISNUMBER(T78),ISNUMBER(U78),N78>0,O78>0),S78-R78,"") -> 0.4807 | X78: =IF(AND(ISNUMBER(N78),ISNUMBER(O78),ISNUMBER(P78),ISNUMBER(Q78),ISNUMBER(R78),ISNUMBER(S78),ISNUMBER(T78),ISNUMBER(U78),N78>0,O78>0),U78-T78,"") -> 1.1498 | Y78: =IF(AND(ISNUMBER(N78),ISNUMBER(O78),ISNUMBER(P78),ISNUMBER(Q78),ISNUMBER(R78),ISNUMBER(S78),ISNUMBER(T78),ISNUMBER(U78),N78>0,O78>0),Q78-P78,"") -> -0.1237 | Z78: =IF(AND(ISNUMBER(N78),ISNUMBER(O78),ISNUMBER(P78),ISNUMBER(Q78),ISNUMBER(R78),ISNUMBER(S78),ISNUMBER(T78),ISNUMBER(U78),N78>0,O78>0),MIN((INT(N78)*3+ROUND(MOD(N78,1)*10,0))/3,(INT(O78)*3+ROUND(MOD(O78,1)*10,0))/3),"") -> 196.33333 | AA78: =IF(ISNUMBER(Z78),W78*Z78,"") -> 94.377433 | AB78: =IF(ISNUMBER(Z78),X78*Z78,"") -> 225.74407 | AC78: =IF(ISNUMBER(Z78),Y78*Z78,"") -> -24.286433
A79: Jonathan Hernandez | B79: 24 | C79: TEX | D79: P | E79: R | F79: Dominican | G79: 2021 | H79: 44298 | I79: 44758 | J79: 36 | K79: 91 | L79: 2 | M79: 1 | N79: 47.2 | O79: 105.1 | P79: 0.1429 | Q79: 0.0851 | R79: 3.3986 | S79: 4.6994 | T79: 4.0362 | U79: 4.638 | V79: 17464 | W79: =IF(AND(ISNUMBER(N79),ISNUMBER(O79),ISNUMBER(P79),ISNUMBER(Q79),ISNUMBER(R79),ISNUMBER(S79),ISNUMBER(T79),ISNUMBER(U79),N79>0,O79>0),S79-R79,"") -> 1.3008 | X79: =IF(AND(ISNUMBER(N79),ISNUMBER(O79),ISNUMBER(P79),ISNUMBER(Q79),ISNUMBER(R79),ISNUMBER(S79),ISNUMBER(T79),ISNUMBER(U79),N79>0,O79>0),U79-T79,"") -> 0.6018 | Y79: =IF(AND(ISNUMBER(N79),ISNUMBER(O79),ISNUMBER(P79),ISNUMBER(Q79),ISNUMBER(R79),ISNUMBER(S79),ISNUMBER(T79),ISNUMBER(U79),N79>0,O79>0),Q79-P79,"") -> -0.0578 | Z79: =IF(AND(ISNUMBER(N79),ISNUMBER(O79),ISNUMBER(P79),ISNUMBER(Q79),ISNUMBER(R79),ISNUMBER(S79),ISNUMBER(T79),ISNUMBER(U79),N79>0,O79>0),MIN((INT(N79)*3+ROUND(MOD(N79,1)*10,0))/3,(INT(O79)*3+ROUND(MOD(O79,1)*10,0))/3),"") -> 47.666667 | AA79: =IF(ISNUMBER(Z79),W79*Z79,"") -> 62.0048 | AB79: =IF(ISNUMBER(Z79),X79*Z79,"") -> 28.6858 | AC79: =IF(ISNUMBER(Z79),Y79*Z79,"") -> -2.7551333
A80: Michel Baez | B80: 25 | C80: SD | D80: P | E80: R | F80: Cuba | G80: 2021 | H80: 44285 | I80: 44772 | J80: 27 | K80: 2 | L80: 2 | M80: 0 | N80: 34.1 | O80: 2 | P80: 0.1234 | Q80: 0.2857 | R80: 3.6699 | S80: 0 | T80: 3.9685 | U80: 1.11 | V80: 20100 | W80: =IF(AND(ISNUMBER(N80),ISNUMBER(O80),ISNUMBER(P80),ISNUMBER(Q80),ISNUMBER(R80),ISNUMBER(S80),ISNUMBER(T80),ISNUMBER(U80),N80>0,O80>0),S80-R80,"") -> -3.6699 | X80: =IF(AND(ISNUMBER(N80),ISNUMBER(O80),ISNUMBER(P80),ISNUMBER(Q80),ISNUMBER(R80),ISNUMBER(S80),ISNUMBER(T80),ISNUMBER(U80),N80>0,O80>0),U80-T80,"") -> -2.8585 | Y80: =IF(AND(ISNUMBER(N80),ISNUMBER(O80),ISNUMBER(P80),ISNUMBER(Q80),ISNUMBER(R80),ISNUMBER(S80),ISNUMBER(T80),ISNUMBER(U80),N80>0,O80>0),Q80-P80,"") -> 0.1623 | Z80: =IF(AND(ISNUMBER(N80),ISNUMBER(O80),ISNUMBER(P80),ISNUMBER(Q80),ISNUMBER(R80),ISNUMBER(S80),ISNUMBER(T80),ISNUMBER(U80),N80>0,O80>0),MIN((INT(N80)*3+ROUND(MOD(N80,1)*10,0))/3,(INT(O80)*3+ROUND(MOD(O80,1)*10,0))/3),"") -> 2 | AA80: =IF(ISNUMBER(Z80),W80*Z80,"") -> -7.3398 | AB80: =IF(ISNUMBER(Z80),X80*Z80,"") -> -5.717 | AC80: =IF(ISNUMBER(Z80),Y80*Z80,"") -> 0.3246
A81: Jose Leclerc | B81: 27 | C81: TEX | D81: P | E81: R | F81: Dominican | G81: 2021 | H81: 44285 | I81: 44730 | J81: 131 | K81: 160 | L81: 3 | M81: 0 | N81: 128.1 | O81: 171.1 | P81: 0.2293 | Q81: 0.1794 | R81: 3.0857 | S81: 3.3619 | T81: 2.8199 | U81: 3.5933 | V81: 14524 | W81: =IF(AND(ISNUMBER(N81),ISNUMBER(O81),ISNUMBER(P81),ISNUMBER(Q81),ISNUMBER(R81),ISNUMBER(S81),ISNUMBER(T81),ISNUMBER(U81),N81>0,O81>0),S81-R81,"") -> 0.2762 | X81: =IF(AND(ISNUMBER(N81),ISNUMBER(O81),ISNUMBER(P81),ISNUMBER(Q81),ISNUMBER(R81),ISNUMBER(S81),ISNUMBER(T81),ISNUMBER(U81),N81>0,O81>0),U81-T81,"") -> 0.7734 | Y81: =IF(AND(ISNUMBER(N81),ISNUMBER(O81),ISNUMBER(P81),ISNUMBER(Q81),ISNUMBER(R81),ISNUMBER(S81),ISNUMBER(T81),ISNUMBER(U81),N81>0,O81>0),Q81-P81,"") -> -0.0499 | Z81: =IF(AND(ISNUMBER(N81),ISNUMBER(O81),ISNUMBER(P81),ISNUMBER(Q81),ISNUMBER(R81),ISNUMBER(S81),ISNUMBER(T81),ISNUMBER(U81),N81>0,O81>0),MIN((INT(N81)*3+ROUND(MOD(N81,1)*10,0))/3,(INT(O81)*3+ROUND(MOD(O81,1)*10,0))/3),"") -> 128.33333 | AA81: =IF(ISNUMBER(Z81),W81*Z81,"") -> 35.445667 | AB81: =IF(ISNUMBER(Z81),X81*Z81,"") -> 99.253 | AC81: =IF(ISNUMBER(Z81),Y81*Z81,"") -> -6.4038333
A82: Rico Garcia | B82: 27 | C82: SF | D82: P | E82: R | F82: United States | G82: 2021 | H82: 44282 | I82: 44725 | J82: 14 | K82: 16 | L82: 1 | M82: 0 | N82: 16 | O82: 19.2 | P82: 0 | Q82: 0.0316 | R82: 7.3125 | S82: 7.322 | T82: 7.0125 | U82: 7.9807 | V82: 20023 | W82: =IF(AND(ISNUMBER(N82),ISNUMBER(O82),ISNUMBER(P82),ISNUMBER(Q82),ISNUMBER(R82),ISNUMBER(S82),ISNUMBER(T82),ISNUMBER(U82),N82>0,O82>0),S82-R82,"") -> 0.0095 | X82: =IF(AND(ISNUMBER(N82),ISNUMBER(O82),ISNUMBER(P82),ISNUMBER(Q82),ISNUMBER(R82),ISNUMBER(S82),ISNUMBER(T82),ISNUMBER(U82),N82>0,O82>0),U82-T82,"") -> 0.9682 | Y82: =IF(AND(ISNUMBER(N82),ISNUMBER(O82),ISNUMBER(P82),ISNUMBER(Q82),ISNUMBER(R82),ISNUMBER(S82),ISNUMBER(T82),ISNUMBER(U82),N82>0,O82>0),Q82-P82,"") -> 0.0316 | Z82: =IF(AND(ISNUMBER(N82),ISNUMBER(O82),ISNUMBER(P82),ISNUMBER(Q82),ISNUMBER(R82),ISNUMBER(S82),ISNUMBER(T82),ISNUMBER(U82),N82>0,O82>0),MIN((INT(N82)*3+ROUND(MOD(N82,1)*10,0))/3,(INT(O82)*3+ROUND(MOD(O82,1)*10,0))/3),"") -> 16 | AA82: =IF(ISNUMBER(Z82),W82*Z82,"") -> 0.152 | AB82: =IF(ISNUMBER(Z82),X82*Z82,"") -> 15.4912 | AC82: =IF(ISNUMBER(Z82),Y82*Z82,"") -> 0.5056
A83: Roenis Elias | B83: 32 | C83: SEA | D83: P | E83: L | F83: Cuba | G83: 2021 | H83: 44279 | I83: 44697 | J83: 71 | K83: 7 | L83: 4 | M83: 0 | N83: 101 | O83: 7.2 | P83: 0.1103 | Q83: 0.0909 | R83: 3.297 | S83: 3.5217 | T83: 4.0651 | U83: 4.42 | V83: 12673 | W83: =IF(AND(ISNUMBER(N83),ISNUMBER(O83),ISNUMBER(P83),ISNUMBER(Q83),ISNUMBER(R83),ISNUMBER(S83),ISNUMBER(T83),ISNUMBER(U83),N83>0,O83>0),S83-R83,"") -> 0.2247 | X83: =IF(AND(ISNUMBER(N83),ISNUMBER(O83),ISNUMBER(P83),ISNUMBER(Q83),ISNUMBER(R83),ISNUMBER(S83),ISNUMBER(T83),ISNUMBER(U83),N83>0,O83>0),U83-T83,"") -> 0.3549 | Y83: =IF(AND(ISNUMBER(N83),ISNUMBER(O83),ISNUMBER(P83),ISNUMBER(Q83),ISNUMBER(R83),ISNUMBER(S83),ISNUMBER(T83),ISNUMBER(U83),N83>0,O83>0),Q83-P83,"") -> -0.0194 | Z83: =IF(AND(ISNUMBER(N83),ISNUMBER(O83),ISNUMBER(P83),ISNUMBER(Q83),ISNUMBER(R83),ISNUMBER(S83),ISNUMBER(T83),ISNUMBER(U83),N83>0,O83>0),MIN((INT(N83)*3+ROUND(MOD(N83,1)*10,0))/3,(INT(O83)*3+ROUND(MOD(O83,1)*10,0))/3),"") -> 7.6666667 | AA83: =IF(ISNUMBER(Z83),W83*Z83,"") -> 1.7227 | AB83: =IF(ISNUMBER(Z83),X83*Z83,"") -> 2.7209 | AC83: =IF(ISNUMBER(Z83),Y83*Z83,"") -> -0.14873333
A84: Kirby Yates | B84: 34 | C84: TOR | D84: P | E84: R | F84: United States | G84: 2021 | H84: 44279 | I84: 44783 | J84: 131 | K84: 131 | L84: 0 | M84: 0 | N84: 128 | O84: 129 | P84: 0.3185 | Q84: 0.1927 | R84: 2.0391 | S84: 2.3721 | T84: 2.0447 | U84: 3.754 | V84: 9073 | W84: =IF(AND(ISNUMBER(N84),ISNUMBER(O84),ISNUMBER(P84),ISNUMBER(Q84),ISNUMBER(R84),ISNUMBER(S84),ISNUMBER(T84),ISNUMBER(U84),N84>0,O84>0),S84-R84,"") -> 0.333 | X84: =IF(AND(ISNUMBER(N84),ISNUMBER(O84),ISNUMBER(P84),ISNUMBER(Q84),ISNUMBER(R84),ISNUMBER(S84),ISNUMBER(T84),ISNUMBER(U84),N84>0,O84>0),U84-T84,"") -> 1.7093 | Y84: =IF(AND(ISNUMBER(N84),ISNUMBER(O84),ISNUMBER(P84),ISNUMBER(Q84),ISNUMBER(R84),ISNUMBER(S84),ISNUMBER(T84),ISNUMBER(U84),N84>0,O84>0),Q84-P84,"") -> -0.1258 | Z84: =IF(AND(ISNUMBER(N84),ISNUMBER(O84),ISNUMBER(P84),ISNUMBER(Q84),ISNUMBER(R84),ISNUMBER(S84),ISNUMBER(T84),ISNUMBER(U84),N84>0,O84>0),MIN((INT(N84)*3+ROUND(MOD(N84,1)*10,0))/3,(INT(O84)*3+ROUND(MOD(O84,1)*10,0))/3),"") -> 128 | AA84: =IF(ISNUMBER(Z84),W84*Z84,"") -> 42.624 | AB84: =IF(ISNUMBER(Z84),X84*Z84,"") -> 218.7904 | AC84: =IF(ISNUMBER(Z84),Y84*Z84,"") -> -16.1024
A85: Blake Cederlind | B85: 25 | C85: PIT | D85: P | E85: R | F85: United States | G85: 2021 | H85: 44278 | J85: 5 | K85: NULL | L85: 0 | M85: NULL | N85: 4 | O85: NULL | P85: 0.1875 | Q85: NULL | R85: 4.5 | S85: NULL | T85: 1.94 | U85: NULL | V85: 20344 | W85: =IF(AND(ISNUMBER(N85),ISNUMBER(O85),ISNUMBER(P85),ISNUMBER(Q85),ISNUMBER(R85),ISNUMBER(S85),ISNUMBER(T85),ISNUMBER(U85),N85>0,O85>0),S85-R85,"") | X85: =IF(AND(ISNUMBER(N85),ISNUMBER(O85),ISNUMBER(P85),ISNUMBER(Q85),ISNUMBER(R85),ISNUMBER(S85),ISNUMBER(T85),ISNUMBER(U85),N85>0,O85>0),U85-T85,"") | Y85: =IF(AND(ISNUMBER(N85),ISNUMBER(O85),ISNUMBER(P85),ISNUMBER(Q85),ISNUMBER(R85),ISNUMBER(S85),ISNUMBER(T85),ISNUMBER(U85),N85>0,O85>0),Q85-P85,"") | Z85: =IF(AND(ISNUMBER(N85),ISNUMBER(O85),ISNUMBER(P85),ISNUMBER(Q85),ISNUMBER(R85),ISNUMBER(S85),ISNUMBER(T85),ISNUMBER(U85),N85>0,O85>0),MIN((INT(N85)*3+ROUND(MOD(N85,1)*10,0))/3,(INT(O85)*3+ROUND(MOD(O85,1)*10,0))/3),"") | AA85: =IF(ISNUMBER(Z85),W85*Z85,"") | AB85: =IF(ISNUMBER(Z85),X85*Z85,"") | AC85: =IF(ISNUMBER(Z85),Y85*Z85,"")
A86: Jimmy Cordero | B86: 29 | C86: CHW | D86: P | E86: R | F86: Dominican | G86: 2021 | H86: 44273 | I86: 45017 | J86: 83 | K86: 31 | L86: 0 | M86: 1 | N86: 83 | O86: 32.2 | P86: 0.0907 | Q86: 0.1818 | R86: 4.5542 | S86: 3.8571 | T86: 4.3285 | U86: 3.07 | V86: 15690 | W86: =IF(AND(ISNUMBER(N86),ISNUMBER(O86),ISNUMBER(P86),ISNUMBER(Q86),ISNUMBER(R86),ISNUMBER(S86),ISNUMBER(T86),ISNUMBER(U86),N86>0,O86>0),S86-R86,"") -> -0.6971 | X86: =IF(AND(ISNUMBER(N86),ISNUMBER(O86),ISNUMBER(P86),ISNUMBER(Q86),ISNUMBER(R86),ISNUMBER(S86),ISNUMBER(T86),ISNUMBER(U86),N86>0,O86>0),U86-T86,"") -> -1.2585 | Y86: =IF(AND(ISNUMBER(N86),ISNUMBER(O86),ISNUMBER(P86),ISNUMBER(Q86),ISNUMBER(R86),ISNUMBER(S86),ISNUMBER(T86),ISNUMBER(U86),N86>0,O86>0),Q86-P86,"") -> 0.0911 | Z86: =IF(AND(ISNUMBER(N86),ISNUMBER(O86),ISNUMBER(P86),ISNUMBER(Q86),ISNUMBER(R86),ISNUMBER(S86),ISNUMBER(T86),ISNUMBER(U86),N86>0,O86>0),MIN((INT(N86)*3+ROUND(MOD(N86,1)*10,0))/3,(INT(O86)*3+ROUND(MOD(O86,1)*10,0))/3),"") -> 32.666667 | AA86: =IF(ISNUMBER(Z86),W86*Z86,"") -> -22.771933 | AB86: =IF(ISNUMBER(Z86),X86*Z86,"") -> -41.111 | AC86: =IF(ISNUMBER(Z86),Y86*Z86,"") -> 2.9759333
A87: Gerardo Reyes | B87: 28 | C87: LAA | D87: P | E87: R | F87: Mexico | G87: 2021 | H87: 44273 | I87: 44799 | J87: 27 | K87: 13 | L87: 0 | M87: 0 | N87: 26 | O87: 15.2 | P87: 0.2308 | Q87: 0 | R87: 7.6154 | S87: 6.3191 | T87: 3.41 | U87: 6.854 | V87: 16306 | W87: =IF(AND(ISNUMBER(N87),ISNUMBER(O87),ISNUMBER(P87),ISNUMBER(Q87),ISNUMBER(R87),ISNUMBER(S87),ISNUMBER(T87),ISNUMBER(U87),N87>0,O87>0),S87-R87,"") -> -1.2963 | X87: =IF(AND(ISNUMBER(N87),ISNUMBER(O87),ISNUMBER(P87),ISNUMBER(Q87),ISNUMBER(R87),ISNUMBER(S87),ISNUMBER(T87),ISNUMBER(U87),N87>0,O87>0),U87-T87,"") -> 3.444 | Y87: =IF(AND(ISNUMBER(N87),ISNUMBER(O87),ISNUMBER(P87),ISNUMBER(Q87),ISNUMBER(R87),ISNUMBER(S87),ISNUMBER(T87),ISNUMBER(U87),N87>0,O87>0),Q87-P87,"") -> -0.2308 | Z87: =IF(AND(ISNUMBER(N87),ISNUMBER(O87),ISNUMBER(P87),ISNUMBER(Q87),ISNUMBER(R87),ISNUMBER(S87),ISNUMBER(T87),ISNUMBER(U87),N87>0,O87>0),MIN((INT(N87)*3+ROUND(MOD(N87,1)*10,0))/3,(INT(O87)*3+ROUND(MOD(O87,1)*10,0))/3),"") -> 15.666667 | AA87: =IF(ISNUMBER(Z87),W87*Z87,"") -> -20.3087 | AB87: =IF(ISNUMBER(Z87),X87*Z87,"") -> 53.956 | AC87: =IF(ISNUMBER(Z87),Y87*Z87,"") -> -3.6158667
A88: Jose Castillo | B88: 25 | C88: SD | D88: P | E88: L | F88: Venezuela | G88: 2021 | H88: 44256 | I88: 44797 | J88: 38 | K88: 2 | L88: 0 | M88: 0 | N88: 39 | O88: 1.1 | P88: 0.2662 | Q88: -0.1818 | R88: 3.2308 | S88: 33.75 | T88: 2.701 | U88: 10.6475 | V88: 17169 | W88: =IF(AND(ISNUMBER(N88),ISNUMBER(O88),ISNUMBER(P88),ISNUMBER(Q88),ISNUMBER(R88),ISNUMBER(S88),ISNUMBER(T88),ISNUMBER(U88),N88>0,O88>0),S88-R88,"") -> 30.5192 | X88: =IF(AND(ISNUMBER(N88),ISNUMBER(O88),ISNUMBER(P88),ISNUMBER(Q88),ISNUMBER(R88),ISNUMBER(S88),ISNUMBER(T88),ISNUMBER(U88),N88>0,O88>0),U88-T88,"") -> 7.9465 | Y88: =IF(AND(ISNUMBER(N88),ISNUMBER(O88),ISNUMBER(P88),ISNUMBER(Q88),ISNUMBER(R88),ISNUMBER(S88),ISNUMBER(T88),ISNUMBER(U88),N88>0,O88>0),Q88-P88,"") -> -0.448 | Z88: =IF(AND(ISNUMBER(N88),ISNUMBER(O88),ISNUMBER(P88),ISNUMBER(Q88),ISNUMBER(R88),ISNUMBER(S88),ISNUMBER(T88),ISNUMBER(U88),N88>0,O88>0),MIN((INT(N88)*3+ROUND(MOD(N88,1)*10,0))/3,(INT(O88)*3+ROUND(MOD(O88,1)*10,0))/3),"") -> 1.3333333 | AA88: =IF(ISNUMBER(Z88),W88*Z88,"") -> 40.692267 | AB88: =IF(ISNUMBER(Z88),X88*Z88,"") -> 10.595333 | AC88: =IF(ISNUMBER(Z88),Y88*Z88,"") -> -0.59733333
A89: Brandon Bailey | B89: 26 | C89: HOU | D89: P | E89: R | F89: United States | G89: 2021 | H89: 44253 | J89: 5 | K89: NULL | L89: 0 | M89: NULL | N89: 7.1 | O89: NULL | P89: 0.0333 | Q89: NULL | R89: 2.4545 | S89: NULL | T89: 5.51 | U89: NULL | V89: 19582 | W89: =IF(AND(ISNUMBER(N89),ISNUMBER(O89),ISNUMBER(P89),ISNUMBER(Q89),ISNUMBER(R89),ISNUMBER(S89),ISNUMBER(T89),ISNUMBER(U89),N89>0,O89>0),S89-R89,"") | X89: =IF(AND(ISNUMBER(N89),ISNUMBER(O89),ISNUMBER(P89),ISNUMBER(Q89),ISNUMBER(R89),ISNUMBER(S89),ISNUMBER(T89),ISNUMBER(U89),N89>0,O89>0),U89-T89,"") | Y89: =IF(AND(ISNUMBER(N89),ISNUMBER(O89),ISNUMBER(P89),ISNUMBER(Q89),ISNUMBER(R89),ISNUMBER(S89),ISNUMBER(T89),ISNUMBER(U89),N89>0,O89>0),Q89-P89,"") | Z89: =IF(AND(ISNUMBER(N89),ISNUMBER(O89),ISNUMBER(P89),ISNUMBER(Q89),ISNUMBER(R89),ISNUMBER(S89),ISNUMBER(T89),ISNUMBER(U89),N89>0,O89>0),MIN((INT(N89)*3+ROUND(MOD(N89,1)*10,0))/3,(INT(O89)*3+ROUND(MOD(O89,1)*10,0))/3),"") | AA89: =IF(ISNUMBER(Z89),W89*Z89,"") | AB89: =IF(ISNUMBER(Z89),X89*Z89,"") | AC89: =IF(ISNUMBER(Z89),Y89*Z89,"")
A90: Ariel Jurado | B90: 25 | C90: NYM | D90: P | E90: R | F90: Panama | G90: 2021 | H90: 44197 | J90: 45 | K90: NULL | L90: 27 | M90: NULL | N90: 181 | O90: NULL | P90: 0.0635 | Q90: NULL | R90: 5.9669 | S90: NULL | T90: 5.0803 | U90: NULL | V90: 17030 | W90: =IF(AND(ISNUMBER(N90),ISNUMBER(O90),ISNUMBER(P90),ISNUMBER(Q90),ISNUMBER(R90),ISNUMBER(S90),ISNUMBER(T90),ISNUMBER(U90),N90>0,O90>0),S90-R90,"") | X90: =IF(AND(ISNUMBER(N90),ISNUMBER(O90),ISNUMBER(P90),ISNUMBER(Q90),ISNUMBER(R90),ISNUMBER(S90),ISNUMBER(T90),ISNUMBER(U90),N90>0,O90>0),U90-T90,"") | Y90: =IF(AND(ISNUMBER(N90),ISNUMBER(O90),ISNUMBER(P90),ISNUMBER(Q90),ISNUMBER(R90),ISNUMBER(S90),ISNUMBER(T90),ISNUMBER(U90),N90>0,O90>0),Q90-P90,"") | Z90: =IF(AND(ISNUMBER(N90),ISNUMBER(O90),ISNUMBER(P90),ISNUMBER(Q90),ISNUMBER(R90),ISNUMBER(S90),ISNUMBER(T90),ISNUMBER(U90),N90>0,O90>0),MIN((INT(N90)*3+ROUND(MOD(N90,1)*10,0))/3,(INT(O90)*3+ROUND(MOD(O90,1)*10,0))/3),"") | AA90: =IF(ISNUMBER(Z90),W90*Z90,"") | AB90: =IF(ISNUMBER(Z90),X90*Z90,"") | AC90: =IF(ISNUMBER(Z90),Y90*Z90,"")
A91: Mike Clevinger | B91: 29 | C91: SD | D91: P | E91: R | F91: United States | G91: 2020 | H91: 44152 | I91: 44685 | J91: 80 | K91: 47 | L91: 74 | M91: 46 | N91: 447.2 | O91: 245.2 | P91: 0.1927 | Q91: 0.1219 | R91: 2.9553 | S91: 4.0299 | T91: 3.3198 | U91: 4.6011 | V91: 12808 | W91: =IF(AND(ISNUMBER(N91),ISNUMBER(O91),ISNUMBER(P91),ISNUMBER(Q91),ISNUMBER(R91),ISNUMBER(S91),ISNUMBER(T91),ISNUMBER(U91),N91>0,O91>0),S91-R91,"") -> 1.0746 | X91: =IF(AND(ISNUMBER(N91),ISNUMBER(O91),ISNUMBER(P91),ISNUMBER(Q91),ISNUMBER(R91),ISNUMBER(S91),ISNUMBER(T91),ISNUMBER(U91),N91>0,O91>0),U91-T91,"") -> 1.2813 | Y91: =IF(AND(ISNUMBER(N91),ISNUMBER(O91),ISNUMBER(P91),ISNUMBER(Q91),ISNUMBER(R91),ISNUMBER(S91),ISNUMBER(T91),ISNUMBER(U91),N91>0,O91>0),Q91-P91,"") -> -0.0708 | Z91: =IF(AND(ISNUMBER(N91),ISNUMBER(O91),ISNUMBER(P91),ISNUMBER(Q91),ISNUMBER(R91),ISNUMBER(S91),ISNUMBER(T91),ISNUMBER(U91),N91>0,O91>0),MIN((INT(N91)*3+ROUND(MOD(N91,1)*10,0))/3,(INT(O91)*3+ROUND(MOD(O91,1)*10,0))/3),"") -> 245.66667 | AA91: =IF(ISNUMBER(Z91),W91*Z91,"") -> 263.9934 | AB91: =IF(ISNUMBER(Z91),X91*Z91,"") -> 314.7727 | AC91: =IF(ISNUMBER(Z91),Y91*Z91,"") -> -17.3932
A92: Ricardo Sanchez | B92: 23 | C92: STL | D92: P | E92: L | F92: Venezuela | G92: 2020 | H92: 44120 | K92: NULL | M92: NULL | O92: NULL | Q92: NULL | S92: NULL | U92: NULL | V92: 17581 | W92: =IF(AND(ISNUMBER(N92),ISNUMBER(O92),ISNUMBER(P92),ISNUMBER(Q92),ISNUMBER(R92),ISNUMBER(S92),ISNUMBER(T92),ISNUMBER(U92),N92>0,O92>0),S92-R92,"") | X92: =IF(AND(ISNUMBER(N92),ISNUMBER(O92),ISNUMBER(P92),ISNUMBER(Q92),ISNUMBER(R92),ISNUMBER(S92),ISNUMBER(T92),ISNUMBER(U92),N92>0,O92>0),U92-T92,"") | Y92: =IF(AND(ISNUMBER(N92),ISNUMBER(O92),ISNUMBER(P92),ISNUMBER(Q92),ISNUMBER(R92),ISNUMBER(S92),ISNUMBER(T92),ISNUMBER(U92),N92>0,O92>0),Q92-P92,"") | Z92: =IF(AND(ISNUMBER(N92),ISNUMBER(O92),ISNUMBER(P92),ISNUMBER(Q92),ISNUMBER(R92),ISNUMBER(S92),ISNUMBER(T92),ISNUMBER(U92),N92>0,O92>0),MIN((INT(N92)*3+ROUND(MOD(N92,1)*10,0))/3,(INT(O92)*3+ROUND(MOD(O92,1)*10,0))/3),"") | AA92: =IF(ISNUMBER(Z92),W92*Z92,"") | AB92: =IF(ISNUMBER(Z92),X92*Z92,"") | AC92: =IF(ISNUMBER(Z92),Y92*Z92,"")
A93: Nick Burdi | B93: 27 | C93: PIT | D93: P | E93: R | F93: United States | G93: 2020 | H93: 44118 | I93: 45062 | J93: 13 | K93: 3 | L93: 0 | M93: 0 | N93: 10 | O93: 3 | P93: 0.28 | Q93: 0.0667 | R93: 10.8 | S93: 9 | T93: 3.5073 | U93: 3.59 | V93: 16074 | W93: =IF(AND(ISNUMBER(N93),ISNUMBER(O93),ISNUMBER(P93),ISNUMBER(Q93),ISNUMBER(R93),ISNUMBER(S93),ISNUMBER(T93),ISNUMBER(U93),N93>0,O93>0),S93-R93,"") -> -1.8 | X93: =IF(AND(ISNUMBER(N93),ISNUMBER(O93),ISNUMBER(P93),ISNUMBER(Q93),ISNUMBER(R93),ISNUMBER(S93),ISNUMBER(T93),ISNUMBER(U93),N93>0,O93>0),U93-T93,"") -> 0.0827 | Y93: =IF(AND(ISNUMBER(N93),ISNUMBER(O93),ISNUMBER(P93),ISNUMBER(Q93),ISNUMBER(R93),ISNUMBER(S93),ISNUMBER(T93),ISNUMBER(U93),N93>0,O93>0),Q93-P93,"") -> -0.2133 | Z93: =IF(AND(ISNUMBER(N93),ISNUMBER(O93),ISNUMBER(P93),ISNUMBER(Q93),ISNUMBER(R93),ISNUMBER(S93),ISNUMBER(T93),ISNUMBER(U93),N93>0,O93>0),MIN((INT(N93)*3+ROUND(MOD(N93,1)*10,0))/3,(INT(O93)*3+ROUND(MOD(O93,1)*10,0))/3),"") -> 3 | AA93: =IF(ISNUMBER(Z93),W93*Z93,"") -> -5.4 | AB93: =IF(ISNUMBER(Z93),X93*Z93,"") -> 0.2481 | AC93: =IF(ISNUMBER(Z93),Y93*Z93,"") -> -0.6399
A94: Chance Adams | B94: 25 | C94: KC | D94: P | E94: R | F94: United States | G94: 2020 | H94: 44105 | J94: 16 | K94: NULL | L94: 1 | M94: NULL | N94: 33 | O94: NULL | P94: 0.0759 | Q94: NULL | R94: 8.1818 | S94: NULL | T94: 7.0504 | U94: NULL | V94: 18135 | W94: =IF(AND(ISNUMBER(N94),ISNUMBER(O94),ISNUMBER(P94),ISNUMBER(Q94),ISNUMBER(R94),ISNUMBER(S94),ISNUMBER(T94),ISNUMBER(U94),N94>0,O94>0),S94-R94,"") | X94: =IF(AND(ISNUMBER(N94),ISNUMBER(O94),ISNUMBER(P94),ISNUMBER(Q94),ISNUMBER(R94),ISNUMBER(S94),ISNUMBER(T94),ISNUMBER(U94),N94>0,O94>0),U94-T94,"") | Y94: =IF(AND(ISNUMBER(N94),ISNUMBER(O94),ISNUMBER(P94),ISNUMBER(Q94),ISNUMBER(R94),ISNUMBER(S94),ISNUMBER(T94),ISNUMBER(U94),N94>0,O94>0),Q94-P94,"") | Z94: =IF(AND(ISNUMBER(N94),ISNUMBER(O94),ISNUMBER(P94),ISNUMBER(Q94),ISNUMBER(R94),ISNUMBER(S94),ISNUMBER(T94),ISNUMBER(U94),N94>0,O94>0),MIN((INT(N94)*3+ROUND(MOD(N94,1)*10,0))/3,(INT(O94)*3+ROUND(MOD(O94,1)*10,0))/3),"") | AA94: =IF(ISNUMBER(Z94),W94*Z94,"") | AB94: =IF(ISNUMBER(Z94),X94*Z94,"") | AC94: =IF(ISNUMBER(Z94),Y94*Z94,"")
A95: Luis Perdomo | B95: 27 | C95: SD | D95: P | E95: R | F95: Dominican | G95: 2020 | H95: 44105 | I95: 44688 | J95: 88 | K95: 14 | L95: 40 | M95: 0 | N95: 280.1 | O95: 23.2 | P95: 0.0871 | Q95: 0.0938 | R95: 4.8799 | S95: 3.8028 | T95: 4.1722 | U95: 4.8 | V95: 14682 | W95: =IF(AND(ISNUMBER(N95),ISNUMBER(O95),ISNUMBER(P95),ISNUMBER(Q95),ISNUMBER(R95),ISNUMBER(S95),ISNUMBER(T95),ISNUMBER(U95),N95>0,O95>0),S95-R95,"") -> -1.0771 | X95: =IF(AND(ISNUMBER(N95),ISNUMBER(O95),ISNUMBER(P95),ISNUMBER(Q95),ISNUMBER(R95),ISNUMBER(S95),ISNUMBER(T95),ISNUMBER(U95),N95>0,O95>0),U95-T95,"") -> 0.6278 | Y95: =IF(AND(ISNUMBER(N95),ISNUMBER(O95),ISNUMBER(P95),ISNUMBER(Q95),ISNUMBER(R95),ISNUMBER(S95),ISNUMBER(T95),ISNUMBER(U95),N95>0,O95>0),Q95-P95,"") -> 0.0067 | Z95: =IF(AND(ISNUMBER(N95),ISNUMBER(O95),ISNUMBER(P95),ISNUMBER(Q95),ISNUMBER(R95),ISNUMBER(S95),ISNUMBER(T95),ISNUMBER(U95),N95>0,O95>0),MIN((INT(N95)*3+ROUND(MOD(N95,1)*10,0))/3,(INT(O95)*3+ROUND(MOD(O95,1)*10,0))/3),"") -> 23.666667 | AA95: =IF(ISNUMBER(Z95),W95*Z95,"") -> -25.491367 | AB95: =IF(ISNUMBER(Z95),X95*Z95,"") -> 14.857933 | AC95: =IF(ISNUMBER(Z95),Y95*Z95,"") -> 0.15856667
A96: Justin Verlander | B96: 37 | C96: HOU | D96: P | E96: R | F96: United States | G96: 2020 | H96: 44104 | I96: 44660 | J96: 101 | K96: 55 | L96: 101 | M96: 55 | N96: 643 | O96: 337.1 | P96: 0.2602 | Q96: 0.191 | R96: 2.8134 | S96: 2.4545 | T96: 3.2895 | U96: 3.1445 | V96: 8700 | W96: =IF(AND(ISNUMBER(N96),ISNUMBER(O96),ISNUMBER(P96),ISNUMBER(Q96),ISNUMBER(R96),ISNUMBER(S96),ISNUMBER(T96),ISNUMBER(U96),N96>0,O96>0),S96-R96,"") -> -0.3589 | X96: =IF(AND(ISNUMBER(N96),ISNUMBER(O96),ISNUMBER(P96),ISNUMBER(Q96),ISNUMBER(R96),ISNUMBER(S96),ISNUMBER(T96),ISNUMBER(U96),N96>0,O96>0),U96-T96,"") -> -0.145 | Y96: =IF(AND(ISNUMBER(N96),ISNUMBER(O96),ISNUMBER(P96),ISNUMBER(Q96),ISNUMBER(R96),ISNUMBER(S96),ISNUMBER(T96),ISNUMBER(U96),N96>0,O96>0),Q96-P96,"") -> -0.0692 | Z96: =IF(AND(ISNUMBER(N96),ISNUMBER(O96),ISNUMBER(P96),ISNUMBER(Q96),ISNUMBER(R96),ISNUMBER(S96),ISNUMBER(T96),ISNUMBER(U96),N96>0,O96>0),MIN((INT(N96)*3+ROUND(MOD(N96,1)*10,0))/3,(INT(O96)*3+ROUND(MOD(O96,1)*10,0))/3),"") -> 337.33333 | AA96: =IF(ISNUMBER(Z96),W96*Z96,"") -> -121.06893 | AB96: =IF(ISNUMBER(Z96),X96*Z96,"") -> -48.913333 | AC96: =IF(ISNUMBER(Z96),Y96*Z96,"") -> -23.343467
A97: Ken Giles | B97: 29 | C97: TOR | D97: P | E97: R | F97: United States | G97: 2020 | H97: 44104 | I97: 44733 | J97: 171 | K97: 5 | L97: 0 | M97: 0 | N97: 166 | O97: 4.1 | P97: 0.2609 | Q97: 0.1111 | R97: 2.8735 | S97: 0 | T97: 2.5609 | U97: 3.11 | V97: 12910 | W97: =IF(AND(ISNUMBER(N97),ISNUMBER(O97),ISNUMBER(P97),ISNUMBER(Q97),ISNUMBER(R97),ISNUMBER(S97),ISNUMBER(T97),ISNUMBER(U97),N97>0,O97>0),S97-R97,"") -> -2.8735 | X97: =IF(AND(ISNUMBER(N97),ISNUMBER(O97),ISNUMBER(P97),ISNUMBER(Q97),ISNUMBER(R97),ISNUMBER(S97),ISNUMBER(T97),ISNUMBER(U97),N97>0,O97>0),U97-T97,"") -> 0.5491 | Y97: =IF(AND(ISNUMBER(N97),ISNUMBER(O97),ISNUMBER(P97),ISNUMBER(Q97),ISNUMBER(R97),ISNUMBER(S97),ISNUMBER(T97),ISNUMBER(U97),N97>0,O97>0),Q97-P97,"") -> -0.1498 | Z97: =IF(AND(ISNUMBER(N97),ISNUMBER(O97),ISNUMBER(P97),ISNUMBER(Q97),ISNUMBER(R97),ISNUMBER(S97),ISNUMBER(T97),ISNUMBER(U97),N97>0,O97>0),MIN((INT(N97)*3+ROUND(MOD(N97,1)*10,0))/3,(INT(O97)*3+ROUND(MOD(O97,1)*10,0))/3),"") -> 4.3333333 | AA97: =IF(ISNUMBER(Z97),W97*Z97,"") -> -12.451833 | AB97: =IF(ISNUMBER(Z97),X97*Z97,"") -> 2.3794333 | AC97: =IF(ISNUMBER(Z97),Y97*Z97,"") -> -0.64913333
A98: Dakota Hudson | B98: 25 | C98: STL | D98: P | E98: R | F98: United States | G98: 2020 | H98: 44102 | I98: 44463 | J98: 59 | K98: 47 | L98: 32 | M98: 39 | N98: 202 | O98: 229.2 | P98: 0.0583 | Q98: 0.0335 | R98: 3.2525 | S98: 4.5457 | T98: 4.7852 | U98: 4.5248 | V98: 19206 | W98: =IF(AND(ISNUMBER(N98),ISNUMBER(O98),ISNUMBER(P98),ISNUMBER(Q98),ISNUMBER(R98),ISNUMBER(S98),ISNUMBER(T98),ISNUMBER(U98),N98>0,O98>0),S98-R98,"") -> 1.2932 | X98: =IF(AND(ISNUMBER(N98),ISNUMBER(O98),ISNUMBER(P98),ISNUMBER(Q98),ISNUMBER(R98),ISNUMBER(S98),ISNUMBER(T98),ISNUMBER(U98),N98>0,O98>0),U98-T98,"") -> -0.2604 | Y98: =IF(AND(ISNUMBER(N98),ISNUMBER(O98),ISNUMBER(P98),ISNUMBER(Q98),ISNUMBER(R98),ISNUMBER(S98),ISNUMBER(T98),ISNUMBER(U98),N98>0,O98>0),Q98-P98,"") -> -0.0248 | Z98: =IF(AND(ISNUMBER(N98),ISNUMBER(O98),ISNUMBER(P98),ISNUMBER(Q98),ISNUMBER(R98),ISNUMBER(S98),ISNUMBER(T98),ISNUMBER(U98),N98>0,O98>0),MIN((INT(N98)*3+ROUND(MOD(N98,1)*10,0))/3,(INT(O98)*3+ROUND(MOD(O98,1)*10,0))/3),"") -> 202 | AA98: =IF(ISNUMBER(Z98),W98*Z98,"") -> 261.2264 | AB98: =IF(ISNUMBER(Z98),X98*Z98,"") -> -52.6008 | AC98: =IF(ISNUMBER(Z98),Y98*Z98,"") -> -5.0096
A99: Caleb Ferguson | B99: 23 | C99: LAD | D99: P | E99: L | F99: United States | G99: 2020 | H99: 44096 | I99: 44697 | J99: 75 | K99: 105 | L99: 5 | M99: 8 | N99: 93.2 | O99: 95 | P99: 0.1823 | Q99: 0.1626 | R99: 4.1317 | S99: 2.8421 | T99: 4.3909 | U99: 3.2159 | V99: 19349 | W99: =IF(AND(ISNUMBER(N99),ISNUMBER(O99),ISNUMBER(P99),ISNUMBER(Q99),ISNUMBER(R99),ISNUMBER(S99),ISNUMBER(T99),ISNUMBER(U99),N99>0,O99>0),S99-R99,"") -> -1.2896 | X99: =IF(AND(ISNUMBER(N99),ISNUMBER(O99),ISNUMBER(P99),ISNUMBER(Q99),ISNUMBER(R99),ISNUMBER(S99),ISNUMBER(T99),ISNUMBER(U99),N99>0,O99>0),U99-T99,"") -> -1.175 | Y99: =IF(AND(ISNUMBER(N99),ISNUMBER(O99),ISNUMBER(P99),ISNUMBER(Q99),ISNUMBER(R99),ISNUMBER(S99),ISNUMBER(T99),ISNUMBER(U99),N99>0,O99>0),Q99-P99,"") -> -0.0197 | Z99: =IF(AND(ISNUMBER(N99),ISNUMBER(O99),ISNUMBER(P99),ISNUMBER(Q99),ISNUMBER(R99),ISNUMBER(S99),ISNUMBER(T99),ISNUMBER(U99),N99>0,O99>0),MIN((INT(N99)*3+ROUND(MOD(N99,1)*10,0))/3,(INT(O99)*3+ROUND(MOD(O99,1)*10,0))/3),"") -> 93.666667 | AA99: =IF(ISNUMBER(Z99),W99*Z99,"") -> -120.79253 | AB99: =IF(ISNUMBER(Z99),X99*Z99,"") -> -110.05833 | AC99: =IF(ISNUMBER(Z99),Y99*Z99,"") -> -1.8452333
A100: Tyler Thornburg | B100: 31 | C100: CIN | D100: P | E100: R | F100: United States | G100: 2020 | H100: 44092 | I100: 44658 | J100: 41 | K100: 14 | L100: 0 | M100: 0 | N100: 42.2 | O100: 19 | P100: 0.1192 | Q100: 0.0345 | R100: 6.5391 | S100: 3.3158 | T100: 5.7644 | U100: 4.22 | V100: 10688 | W100: =IF(AND(ISNUMBER(N100),ISNUMBER(O100),ISNUMBER(P100),ISNUMBER(Q100),ISNUMBER(R100),ISNUMBER(S100),ISNUMBER(T100),ISNUMBER(U100),N100>0,O100>0),S100-R100,"") -> -3.2233 | X100: =IF(AND(ISNUMBER(N100),ISNUMBER(O100),ISNUMBER(P100),ISNUMBER(Q100),ISNUMBER(R100),ISNUMBER(S100),ISNUMBER(T100),ISNUMBER(U100),N100>0,O100>0),U100-T100,"") -> -1.5444 | Y100: =IF(AND(ISNUMBER(N100),ISNUMBER(O100),ISNUMBER(P100),ISNUMBER(Q100),ISNUMBER(R100),ISNUMBER(S100),ISNUMBER(T100),ISNUMBER(U100),N100>0,O100>0),Q100-P100,"") -> -0.0847 | Z100: =IF(AND(ISNUMBER(N100),ISNUMBER(O100),ISNUMBER(P100),ISNUMBER(Q100),ISNUMBER(R100),ISNUMBER(S100),ISNUMBER(T100),ISNUMBER(U100),N100>0,O100>0),MIN((INT(N100)*3+ROUND(MOD(N100,1)*10,0))/3,(INT(O100)*3+ROUND(MOD(O100,1)*10,0))/3),"") -> 19 | AA100: =IF(ISNUMBER(Z100),W100*Z100,"") -> -61.2427 | AB100: =IF(ISNUMBER(Z100),X100*Z100,"") -> -29.3436 | AC100: =IF(ISNUMBER(Z100),Y100*Z100,"") -> -1.6093
A101: Jalen Beeks | B101: 26 | C101: TB | D101: P | E101: L | F101: United States | G101: 2020 | H101: 44076 | I101: 44661 | J101: 47 | K101: 72 | L101: 4 | M101: 15 | N101: 155 | O101: 103.1 | P101: 0.0975 | Q101: 0.1674 | R101: 4.7032 | S101: 4.0935 | T101: 4.4852 | U101: 3.6252 | V101: 17192 | W101: =IF(AND(ISNUMBER(N101),ISNUMBER(O101),ISNUMBER(P101),ISNUMBER(Q101),ISNUMBER(R101),ISNUMBER(S101),ISNUMBER(T101),ISNUMBER(U101),N101>0,O101>0),S101-R101,"") -> -0.6097 | X101: =IF(AND(ISNUMBER(N101),ISNUMBER(O101),ISNUMBER(P101),ISNUMBER(Q101),ISNUMBER(R101),ISNUMBER(S101),ISNUMBER(T101),ISNUMBER(U101),N101>0,O101>0),U101-T101,"") -> -0.86 | Y101: =IF(AND(ISNUMBER(N101),ISNUMBER(O101),ISNUMBER(P101),ISNUMBER(Q101),ISNUMBER(R101),ISNUMBER(S101),ISNUMBER(T101),ISNUMBER(U101),N101>0,O101>0),Q101-P101,"") -> 0.0699 | Z101: =IF(AND(ISNUMBER(N101),ISNUMBER(O101),ISNUMBER(P101),ISNUMBER(Q101),ISNUMBER(R101),ISNUMBER(S101),ISNUMBER(T101),ISNUMBER(U101),N101>0,O101>0),MIN((INT(N101)*3+ROUND(MOD(N101,1)*10,0))/3,(INT(O101)*3+ROUND(MOD(O101,1)*10,0))/3),"") -> 103.33333 | AA101: =IF(ISNUMBER(Z101),W101*Z101,"") -> -63.002333 | AB101: =IF(ISNUMBER(Z101),X101*Z101,"") -> -88.866667 | AC101: =IF(ISNUMBER(Z101),Y101*Z101,"") -> 7.223
A102: Matt Bowman | B102: 29 | C102: CIN | D102: P | E102: R | F102: United States | G102: 2020 | H102: 44075 | I102: 45181 | J102: 124 | K102: 3 | L102: 0 | M102: 0 | N102: 113.2 | O102: 4 | P102: 0.1116 | Q102: 0.05 | R102: 4.3548 | S102: 9 | T102: 3.877 | U102: 6.51 | V102: 13528 | W102: =IF(AND(ISNUMBER(N102),ISNUMBER(O102),ISNUMBER(P102),ISNUMBER(Q102),ISNUMBER(R102),ISNUMBER(S102),ISNUMBER(T102),ISNUMBER(U102),N102>0,O102>0),S102-R102,"") -> 4.6452 | X102: =IF(AND(ISNUMBER(N102),ISNUMBER(O102),ISNUMBER(P102),ISNUMBER(Q102),ISNUMBER(R102),ISNUMBER(S102),ISNUMBER(T102),ISNUMBER(U102),N102>0,O102>0),U102-T102,"") -> 2.633 | Y102: =IF(AND(ISNUMBER(N102),ISNUMBER(O102),ISNUMBER(P102),ISNUMBER(Q102),ISNUMBER(R102),ISNUMBER(S102),ISNUMBER(T102),ISNUMBER(U102),N102>0,O102>0),Q102-P102,"") -> -0.0616 | Z102: =IF(AND(ISNUMBER(N102),ISNUMBER(O102),ISNUMBER(P102),ISNUMBER(Q102),ISNUMBER(R102),ISNUMBER(S102),ISNUMBER(T102),ISNUMBER(U102),N102>0,O102>0),MIN((INT(N102)*3+ROUND(MOD(N102,1)*10,0))/3,(INT(O102)*3+ROUND(MOD(O102,1)*10,0))/3),"") -> 4 | AA102: =IF(ISNUMBER(Z102),W102*Z102,"") -> 18.5808 | AB102: =IF(ISNUMBER(Z102),X102*Z102,"") -> 10.532 | AC102: =IF(ISNUMBER(Z102),Y102*Z102,"") -> -0.2464
A103: Yonny Chirinos | B103: 26 | C103: TB | D103: P | E103: R | F103: Venezuela | G103: 2020 | H103: 44068 | I103: 44811 | J103: 44 | K103: 22 | L103: 25 | M103: 10 | N103: 223 | O103: 92 | P103: 0.1511 | Q103: 0.0781 | R103: 3.713 | S103: 4.9891 | T103: 4.0661 | U103: 5.188 | V103: 16401 | W103: =IF(AND(ISNUMBER(N103),ISNUMBER(O103),ISNUMBER(P103),ISNUMBER(Q103),ISNUMBER(R103),ISNUMBER(S103),ISNUMBER(T103),ISNUMBER(U103),N103>0,O103>0),S103-R103,"") -> 1.2761 | X103: =IF(AND(ISNUMBER(N103),ISNUMBER(O103),ISNUMBER(P103),ISNUMBER(Q103),ISNUMBER(R103),ISNUMBER(S103),ISNUMBER(T103),ISNUMBER(U103),N103>0,O103>0),U103-T103,"") -> 1.1219 | Y103: =IF(AND(ISNUMBER(N103),ISNUMBER(O103),ISNUMBER(P103),ISNUMBER(Q103),ISNUMBER(R103),ISNUMBER(S103),ISNUMBER(T103),ISNUMBER(U103),N103>0,O103>0),Q103-P103,"") -> -0.073 | Z103: =IF(AND(ISNUMBER(N103),ISNUMBER(O103),ISNUMBER(P103),ISNUMBER(Q103),ISNUMBER(R103),ISNUMBER(S103),ISNUMBER(T103),ISNUMBER(U103),N103>0,O103>0),MIN((INT(N103)*3+ROUND(MOD(N103,1)*10,0))/3,(INT(O103)*3+ROUND(MOD(O103,1)*10,0))/3),"") -> 92 | AA103: =IF(ISNUMBER(Z103),W103*Z103,"") -> 117.4012 | AB103: =IF(ISNUMBER(Z103),X103*Z103,"") -> 103.2148 | AC103: =IF(ISNUMBER(Z103),Y103*Z103,"") -> -6.716
A104: Sam Freeman | B104: 23 | C104: WAS | D104: P | E104: L | F104: United States | G104: 2020 | H104: 44062 | J104: 122 | K104: NULL | L104: 0 | M104: NULL | N104: 112.1 | O104: NULL | P104: 0.1164 | Q104: NULL | R104: 3.365 | S104: NULL | T104: 3.6502 | U104: NULL | V104: 6832 | W104: =IF(AND(ISNUMBER(N104),ISNUMBER(O104),ISNUMBER(P104),ISNUMBER(Q104),ISNUMBER(R104),ISNUMBER(S104),ISNUMBER(T104),ISNUMBER(U104),N104>0,O104>0),S104-R104,"") | X104: =IF(AND(ISNUMBER(N104),ISNUMBER(O104),ISNUMBER(P104),ISNUMBER(Q104),ISNUMBER(R104),ISNUMBER(S104),ISNUMBER(T104),ISNUMBER(U104),N104>0,O104>0),U104-T104,"") | Y104: =IF(AND(ISNUMBER(N104),ISNUMBER(O104),ISNUMBER(P104),ISNUMBER(Q104),ISNUMBER(R104),ISNUMBER(S104),ISNUMBER(T104),ISNUMBER(U104),N104>0,O104>0),Q104-P104,"") | Z104: =IF(AND(ISNUMBER(N104),ISNUMBER(O104),ISNUMBER(P104),ISNUMBER(Q104),ISNUMBER(R104),ISNUMBER(S104),ISNUMBER(T104),ISNUMBER(U104),N104>0,O104>0),MIN((INT(N104)*3+ROUND(MOD(N104,1)*10,0))/3,(INT(O104)*3+ROUND(MOD(O104,1)*10,0))/3),"") | AA104: =IF(ISNUMBER(Z104),W104*Z104,"") | AB104: =IF(ISNUMBER(Z104),X104*Z104,"") | AC104: =IF(ISNUMBER(Z104),Y104*Z104,"")
A105: Foster Griffin | B105: 24 | C105: KC | D105: P | E105: L | F105: United States | G105: 2020 | H105: 44054 | I105: 44701 | K105: 6 | M105: 0 | O105: 6.1 | Q105: -0.0312 | S105: 8.5263 | U105: 4.69 | V105: 16432 | W105: =IF(AND(ISNUMBER(N105),ISNUMBER(O105),ISNUMBER(P105),ISNUMBER(Q105),ISNUMBER(R105),ISNUMBER(S105),ISNUMBER(T105),ISNUMBER(U105),N105>0,O105>0),S105-R105,"") | X105: =IF(AND(ISNUMBER(N105),ISNUMBER(O105),ISNUMBER(P105),ISNUMBER(Q105),ISNUMBER(R105),ISNUMBER(S105),ISNUMBER(T105),ISNUMBER(U105),N105>0,O105>0),U105-T105,"") | Y105: =IF(AND(ISNUMBER(N105),ISNUMBER(O105),ISNUMBER(P105),ISNUMBER(Q105),ISNUMBER(R105),ISNUMBER(S105),ISNUMBER(T105),ISNUMBER(U105),N105>0,O105>0),Q105-P105,"") | Z105: =IF(AND(ISNUMBER(N105),ISNUMBER(O105),ISNUMBER(P105),ISNUMBER(Q105),ISNUMBER(R105),ISNUMBER(S105),ISNUMBER(T105),ISNUMBER(U105),N105>0,O105>0),MIN((INT(N105)*3+ROUND(MOD(N105,1)*10,0))/3,(INT(O105)*3+ROUND(MOD(O105,1)*10,0))/3),"") | AA105: =IF(ISNUMBER(Z105),W105*Z105,"") | AB105: =IF(ISNUMBER(Z105),X105*Z105,"") | AC105: =IF(ISNUMBER(Z105),Y105*Z105,"")
A106: Tommy Kahnle | B106: 30 | C106: NYY | D106: P | E106: R | F106: United States | G106: 2020 | H106: 44047 | I106: 44682 | J106: 165 | K106: 55 | L106: 0 | M106: 0 | N106: 147.1 | O106: 53.1 | P106: 0.2651 | Q106: 0.1896 | R106: 3.6652 | S106: 2.7 | T106: 2.8282 | U106: 4.0674 | V106: 11384 | W106: =IF(AND(ISNUMBER(N106),ISNUMBER(O106),ISNUMBER(P106),ISNUMBER(Q106),ISNUMBER(R106),ISNUMBER(S106),ISNUMBER(T106),ISNUMBER(U106),N106>0,O106>0),S106-R106,"") -> -0.9652 | X106: =IF(AND(ISNUMBER(N106),ISNUMBER(O106),ISNUMBER(P106),ISNUMBER(Q106),ISNUMBER(R106),ISNUMBER(S106),ISNUMBER(T106),ISNUMBER(U106),N106>0,O106>0),U106-T106,"") -> 1.2392 | Y106: =IF(AND(ISNUMBER(N106),ISNUMBER(O106),ISNUMBER(P106),ISNUMBER(Q106),ISNUMBER(R106),ISNUMBER(S106),ISNUMBER(T106),ISNUMBER(U106),N106>0,O106>0),Q106-P106,"") -> -0.0755 | Z106: =IF(AND(ISNUMBER(N106),ISNUMBER(O106),ISNUMBER(P106),ISNUMBER(Q106),ISNUMBER(R106),ISNUMBER(S106),ISNUMBER(T106),ISNUMBER(U106),N106>0,O106>0),MIN((INT(N106)*3+ROUND(MOD(N106,1)*10,0))/3,(INT(O106)*3+ROUND(MOD(O106,1)*10,0))/3),"") -> 53.333333 | AA106: =IF(ISNUMBER(Z106),W106*Z106,"") -> -51.477333 | AB106: =IF(ISNUMBER(Z106),X106*Z106,"") -> 66.090667 | AC106: =IF(ISNUMBER(Z106),Y106*Z106,"") -> -4.0266667
...

Sheet Unmatched - Check Manually
A1: Row | B1: Player | C1: Period | D1: Issue
A2: 11 | B2: Reiss Knehr | C2: After | D2: No seasons found for [2024, 2025, 2026]
A3: 19 | B3: Connor Overton | C3: After | D3: No seasons found for [2024, 2025, 2026]
A4: 21 | B4: Luis Garcia | C4: ID | D4: Ambiguous name, candidates: ['garcilu03', 'garcilu05']
A5: 41 | B5: Max Meyer | C5: Before | D5: No seasons found for [2019, 2020, 2021]
A6: 44 | B6: Brad Wieck | C6: After | D6: No seasons found for [2023, 2024, 2025]
A7: 47 | B7: Hyun-Jin Ryu | C7: ID | D7: No name match in any CSV
A8: 55 | B8: Deolis Guerra | C8: After | D8: No seasons found for [2023, 2024, 2025]
A9: 59 | B9: Evan Marshall | C9: After | D9: No seasons found for [2022, 2023, 2024]
A10: 63 | B10: John Axford | C10: After | D10: No seasons found for [2022, 2023, 2024]
A11: 66 | B11: Jimmy Nelson | C11: After | D11: No seasons found for [2022, 2023, 2024]
A12: 72 | B12: Keone Kela | C12: After | D12: No seasons found for [2022, 2023, 2024]
A13: 75 | B13: Ljay Newsome | C13: After | D13: No seasons found for [2022, 2023, 2024]
... A34: 150 | B34: Blake Wood | C34: After | D34: No seasons found for [2019, 2020, 2021]

Sheet Innings-Weighted Summary
A1: Statistic | B1: Unweighted Average Change | C1: Innings-Weighted Average Change | D1: Interpretation
A2: ERA | B2: =AVERAGE('MLB Pitchers 2018-2023 TJ'!W2:W160) -> 0.66392835 | C2: =SUM('MLB Pitchers 2018-2023 TJ'!AA2:AA160)/SUM('MLB Pitchers 2018-2023 TJ'!Z2:Z160) -> 0.31907945 | D2: Negative means improvement
A3: FIP | B3: =AVERAGE('MLB Pitchers 2018-2023 TJ'!X2:X160) -> 0.5400252 | C3: =SUM('MLB Pitchers 2018-2023 TJ'!AB2:AB160)/SUM('MLB Pitchers 2018-2023 TJ'!Z2:Z160) -> 0.37415863 | D3: Negative means improvement
A4: K-BB% | B4: =AVERAGE('MLB Pitchers 2018-2023 TJ'!Y2:Y160) -> -0.030917323 | C4: =SUM('MLB Pitchers 2018-2023 TJ'!AC2:AC160)/SUM('MLB Pitchers 2018-2023 TJ'!Z2:Z160) -> -0.032949471 | D4: Positive means improvement
A6: Method | B6: Weight = minimum of pre- and post-surgery innings pitched
A7: Eligibility | B7: Only pitchers with valid before/after IP, ERA, FIP, and K-BB%
A8: Baseball innings | B8: 65.2 is converted to 65 + 2/3 innings
A9: Direction | B9: After surgery minus before surgery
A11: Eligible paired pitchers | B11: =COUNT('MLB Pitchers 2018-2023 TJ'!Z2:Z160) -> 127
